type,name,value
function,zend_version,
function,func_num_args,
function,func_get_arg,
function,func_get_args,
function,strlen,
function,strcmp,
function,strncmp,
function,strcasecmp,
function,strncasecmp,
function,each,
function,error_reporting,
function,define,
function,defined,
function,get_class,
function,get_called_class,
function,get_parent_class,
function,method_exists,
function,property_exists,
function,class_exists,
function,interface_exists,
function,trait_exists,
function,function_exists,
function,class_alias,
function,get_included_files,
function,get_required_files,
function,is_subclass_of,
function,is_a,
function,get_class_vars,
function,get_object_vars,
function,get_class_methods,
function,trigger_error,
function,user_error,
function,set_error_handler,
function,restore_error_handler,
function,set_exception_handler,
function,restore_exception_handler,
function,get_declared_classes,
function,get_declared_traits,
function,get_declared_interfaces,
function,get_defined_functions,
function,get_defined_vars,
function,create_function,
function,get_resource_type,
function,get_loaded_extensions,
function,extension_loaded,
function,get_extension_funcs,
function,get_defined_constants,
function,debug_backtrace,
function,debug_print_backtrace,
function,gc_collect_cycles,
function,gc_enabled,
function,gc_enable,
function,gc_disable,
function,strtotime,
function,date,
function,idate,
function,gmdate,
function,mktime,
function,gmmktime,
function,checkdate,
function,strftime,
function,gmstrftime,
function,time,
function,localtime,
function,getdate,
function,date_create,
function,date_create_immutable,
function,date_create_from_format,
function,date_create_immutable_from_format,
function,date_parse,
function,date_parse_from_format,
function,date_get_last_errors,
function,date_format,
function,date_modify,
function,date_add,
function,date_sub,
function,date_timezone_get,
function,date_timezone_set,
function,date_offset_get,
function,date_diff,
function,date_time_set,
function,date_date_set,
function,date_isodate_set,
function,date_timestamp_set,
function,date_timestamp_get,
function,timezone_open,
function,timezone_name_get,
function,timezone_name_from_abbr,
function,timezone_offset_get,
function,timezone_transitions_get,
function,timezone_location_get,
function,timezone_identifiers_list,
function,timezone_abbreviations_list,
function,timezone_version_get,
function,date_interval_create_from_date_string,
function,date_interval_format,
function,date_default_timezone_set,
function,date_default_timezone_get,
function,date_sunrise,
function,date_sunset,
function,date_sun_info,
function,ereg,
function,ereg_replace,
function,eregi,
function,eregi_replace,
function,split,
function,spliti,
function,sql_regcase,
function,libxml_set_streams_context,
function,libxml_use_internal_errors,
function,libxml_get_last_error,
function,libxml_clear_errors,
function,libxml_get_errors,
function,libxml_disable_entity_loader,
function,libxml_set_external_entity_loader,
function,openssl_pkey_free,
function,openssl_pkey_new,
function,openssl_pkey_export,
function,openssl_pkey_export_to_file,
function,openssl_pkey_get_private,
function,openssl_pkey_get_public,
function,openssl_pkey_get_details,
function,openssl_free_key,
function,openssl_get_privatekey,
function,openssl_get_publickey,
function,openssl_x509_read,
function,openssl_x509_free,
function,openssl_x509_parse,
function,openssl_x509_checkpurpose,
function,openssl_x509_check_private_key,
function,openssl_x509_export,
function,openssl_x509_export_to_file,
function,openssl_pkcs12_export,
function,openssl_pkcs12_export_to_file,
function,openssl_pkcs12_read,
function,openssl_csr_new,
function,openssl_csr_export,
function,openssl_csr_export_to_file,
function,openssl_csr_sign,
function,openssl_csr_get_subject,
function,openssl_csr_get_public_key,
function,openssl_digest,
function,openssl_encrypt,
function,openssl_decrypt,
function,openssl_cipher_iv_length,
function,openssl_sign,
function,openssl_verify,
function,openssl_seal,
function,openssl_open,
function,openssl_pbkdf2,
function,openssl_pkcs7_verify,
function,openssl_pkcs7_decrypt,
function,openssl_pkcs7_sign,
function,openssl_pkcs7_encrypt,
function,openssl_private_encrypt,
function,openssl_private_decrypt,
function,openssl_public_encrypt,
function,openssl_public_decrypt,
function,openssl_get_md_methods,
function,openssl_get_cipher_methods,
function,openssl_dh_compute_key,
function,openssl_random_pseudo_bytes,
function,openssl_error_string,
function,preg_match,
function,preg_match_all,
function,preg_replace,
function,preg_replace_callback,
function,preg_filter,
function,preg_split,
function,preg_quote,
function,preg_grep,
function,preg_last_error,
function,readgzfile,
function,gzrewind,
function,gzclose,
function,gzeof,
function,gzgetc,
function,gzgets,
function,gzgetss,
function,gzread,
function,gzopen,
function,gzpassthru,
function,gzseek,
function,gztell,
function,gzwrite,
function,gzputs,
function,gzfile,
function,gzcompress,
function,gzuncompress,
function,gzdeflate,
function,gzinflate,
function,gzencode,
function,gzdecode,
function,zlib_encode,
function,zlib_decode,
function,zlib_get_coding_type,
function,ob_gzhandler,
function,bcadd,
function,bcsub,
function,bcmul,
function,bcdiv,
function,bcmod,
function,bcpow,
function,bcsqrt,
function,bcscale,
function,bccomp,
function,bcpowmod,
function,bzopen,
function,bzread,
function,bzwrite,
function,bzflush,
function,bzclose,
function,bzerrno,
function,bzerrstr,
function,bzerror,
function,bzcompress,
function,bzdecompress,
function,jdtogregorian,
function,gregoriantojd,
function,jdtojulian,
function,juliantojd,
function,jdtojewish,
function,jewishtojd,
function,jdtofrench,
function,frenchtojd,
function,jddayofweek,
function,jdmonthname,
function,easter_date,
function,easter_days,
function,unixtojd,
function,jdtounix,
function,cal_to_jd,
function,cal_from_jd,
function,cal_days_in_month,
function,cal_info,
function,ctype_alnum,
function,ctype_alpha,
function,ctype_cntrl,
function,ctype_digit,
function,ctype_lower,
function,ctype_graph,
function,ctype_print,
function,ctype_punct,
function,ctype_space,
function,ctype_upper,
function,ctype_xdigit,
function,dba_open,
function,dba_popen,
function,dba_close,
function,dba_delete,
function,dba_exists,
function,dba_fetch,
function,dba_insert,
function,dba_replace,
function,dba_firstkey,
function,dba_nextkey,
function,dba_optimize,
function,dba_sync,
function,dba_handlers,
function,dba_list,
function,dba_key_split,
function,dom_import_simplexml,
function,exif_read_data,
function,read_exif_data,
function,exif_tagname,
function,exif_thumbnail,
function,exif_imagetype,
function,finfo_open,
function,finfo_close,
function,finfo_set_flags,
function,finfo_file,
function,finfo_buffer,
function,mime_content_type,
function,filter_input,
function,filter_var,
function,filter_input_array,
function,filter_var_array,
function,filter_list,
function,filter_has_var,
function,filter_id,
function,ftp_connect,
function,ftp_ssl_connect,
function,ftp_login,
function,ftp_pwd,
function,ftp_cdup,
function,ftp_chdir,
function,ftp_exec,
function,ftp_raw,
function,ftp_mkdir,
function,ftp_rmdir,
function,ftp_chmod,
function,ftp_alloc,
function,ftp_nlist,
function,ftp_rawlist,
function,ftp_systype,
function,ftp_pasv,
function,ftp_get,
function,ftp_fget,
function,ftp_put,
function,ftp_fput,
function,ftp_size,
function,ftp_mdtm,
function,ftp_rename,
function,ftp_delete,
function,ftp_site,
function,ftp_close,
function,ftp_set_option,
function,ftp_get_option,
function,ftp_nb_fget,
function,ftp_nb_get,
function,ftp_nb_continue,
function,ftp_nb_put,
function,ftp_nb_fput,
function,ftp_quit,
function,textdomain,
function,gettext,
function,_,
function,dgettext,
function,dcgettext,
function,bindtextdomain,
function,ngettext,
function,dngettext,
function,dcngettext,
function,bind_textdomain_codeset,
function,hash,
function,hash_file,
function,hash_hmac,
function,hash_hmac_file,
function,hash_init,
function,hash_update,
function,hash_update_stream,
function,hash_update_file,
function,hash_final,
function,hash_copy,
function,hash_algos,
function,hash_pbkdf2,
function,mhash_keygen_s2k,
function,mhash_get_block_size,
function,mhash_get_hash_name,
function,mhash_count,
function,mhash,
function,iconv,
function,iconv_get_encoding,
function,iconv_set_encoding,
function,iconv_strlen,
function,iconv_substr,
function,iconv_strpos,
function,iconv_strrpos,
function,iconv_mime_encode,
function,iconv_mime_decode,
function,iconv_mime_decode_headers,
function,mb_convert_case,
function,mb_strtoupper,
function,mb_strtolower,
function,mb_language,
function,mb_internal_encoding,
function,mb_http_input,
function,mb_http_output,
function,mb_detect_order,
function,mb_substitute_character,
function,mb_parse_str,
function,mb_output_handler,
function,mb_preferred_mime_name,
function,mb_strlen,
function,mb_strpos,
function,mb_strrpos,
function,mb_stripos,
function,mb_strripos,
function,mb_strstr,
function,mb_strrchr,
function,mb_stristr,
function,mb_strrichr,
function,mb_substr_count,
function,mb_substr,
function,mb_strcut,
function,mb_strwidth,
function,mb_strimwidth,
function,mb_convert_encoding,
function,mb_detect_encoding,
function,mb_list_encodings,
function,mb_encoding_aliases,
function,mb_convert_kana,
function,mb_encode_mimeheader,
function,mb_decode_mimeheader,
function,mb_convert_variables,
function,mb_encode_numericentity,
function,mb_decode_numericentity,
function,mb_send_mail,
function,mb_get_info,
function,mb_check_encoding,
function,mb_regex_encoding,
function,mb_regex_set_options,
function,mb_ereg,
function,mb_eregi,
function,mb_ereg_replace,
function,mb_eregi_replace,
function,mb_ereg_replace_callback,
function,mb_split,
function,mb_ereg_match,
function,mb_ereg_search,
function,mb_ereg_search_pos,
function,mb_ereg_search_regs,
function,mb_ereg_search_init,
function,mb_ereg_search_getregs,
function,mb_ereg_search_getpos,
function,mb_ereg_search_setpos,
function,mbregex_encoding,
function,mbereg,
function,mberegi,
function,mbereg_replace,
function,mberegi_replace,
function,mbsplit,
function,mbereg_match,
function,mbereg_search,
function,mbereg_search_pos,
function,mbereg_search_regs,
function,mbereg_search_init,
function,mbereg_search_getregs,
function,mbereg_search_getpos,
function,mbereg_search_setpos,
function,pcntl_fork,
function,pcntl_waitpid,
function,pcntl_wait,
function,pcntl_signal,
function,pcntl_signal_dispatch,
function,pcntl_wifexited,
function,pcntl_wifstopped,
function,pcntl_wifsignaled,
function,pcntl_wexitstatus,
function,pcntl_wtermsig,
function,pcntl_wstopsig,
function,pcntl_exec,
function,pcntl_alarm,
function,pcntl_get_last_error,
function,pcntl_errno,
function,pcntl_strerror,
function,pcntl_getpriority,
function,pcntl_setpriority,
function,pcntl_sigprocmask,
function,pcntl_sigwaitinfo,
function,pcntl_sigtimedwait,
function,posix_kill,
function,posix_getpid,
function,posix_getppid,
function,posix_getuid,
function,posix_setuid,
function,posix_geteuid,
function,posix_seteuid,
function,posix_getgid,
function,posix_setgid,
function,posix_getegid,
function,posix_setegid,
function,posix_getgroups,
function,posix_getlogin,
function,posix_getpgrp,
function,posix_setsid,
function,posix_setpgid,
function,posix_getpgid,
function,posix_getsid,
function,posix_uname,
function,posix_times,
function,posix_ctermid,
function,posix_ttyname,
function,posix_isatty,
function,posix_getcwd,
function,posix_mkfifo,
function,posix_mknod,
function,posix_access,
function,posix_getgrnam,
function,posix_getgrgid,
function,posix_getpwnam,
function,posix_getpwuid,
function,posix_getrlimit,
function,posix_get_last_error,
function,posix_errno,
function,posix_strerror,
function,posix_initgroups,
function,session_name,
function,session_module_name,
function,session_save_path,
function,session_id,
function,session_regenerate_id,
function,session_decode,
function,session_encode,
function,session_start,
function,session_destroy,
function,session_unset,
function,session_set_save_handler,
function,session_cache_limiter,
function,session_cache_expire,
function,session_set_cookie_params,
function,session_get_cookie_params,
function,session_write_close,
function,session_status,
function,session_register_shutdown,
function,session_commit,
function,shmop_open,
function,shmop_read,
function,shmop_close,
function,shmop_size,
function,shmop_write,
function,shmop_delete,
function,simplexml_load_file,
function,simplexml_load_string,
function,simplexml_import_dom,
function,use_soap_error_handler,
function,is_soap_fault,
function,socket_select,
function,socket_create,
function,socket_create_listen,
function,socket_create_pair,
function,socket_accept,
function,socket_set_nonblock,
function,socket_set_block,
function,socket_listen,
function,socket_close,
function,socket_write,
function,socket_read,
function,socket_getsockname,
function,socket_getpeername,
function,socket_connect,
function,socket_strerror,
function,socket_bind,
function,socket_recv,
function,socket_send,
function,socket_recvfrom,
function,socket_sendto,
function,socket_get_option,
function,socket_set_option,
function,socket_shutdown,
function,socket_last_error,
function,socket_clear_error,
function,socket_import_stream,
function,socket_sendmsg,
function,socket_recvmsg,
function,socket_cmsg_space,
function,socket_getopt,
function,socket_setopt,
function,spl_classes,
function,spl_autoload,
function,spl_autoload_extensions,
function,spl_autoload_register,
function,spl_autoload_unregister,
function,spl_autoload_functions,
function,spl_autoload_call,
function,class_parents,
function,class_implements,
function,class_uses,
function,spl_object_hash,
function,iterator_to_array,
function,iterator_count,
function,iterator_apply,
function,constant,
function,bin2hex,
function,hex2bin,
function,sleep,
function,usleep,
function,time_nanosleep,
function,time_sleep_until,
function,strptime,
function,flush,
function,wordwrap,
function,htmlspecialchars,
function,htmlentities,
function,html_entity_decode,
function,htmlspecialchars_decode,
function,get_html_translation_table,
function,sha1,
function,sha1_file,
function,md5,
function,md5_file,
function,crc32,
function,iptcparse,
function,iptcembed,
function,getimagesize,
function,getimagesizefromstring,
function,image_type_to_mime_type,
function,image_type_to_extension,
function,phpinfo,
function,phpversion,
function,phpcredits,
function,php_sapi_name,
function,php_uname,
function,php_ini_scanned_files,
function,php_ini_loaded_file,
function,strnatcmp,
function,strnatcasecmp,
function,substr_count,
function,strspn,
function,strcspn,
function,strtok,
function,strtoupper,
function,strtolower,
function,strpos,
function,stripos,
function,strrpos,
function,strripos,
function,strrev,
function,hebrev,
function,hebrevc,
function,nl2br,
function,basename,
function,dirname,
function,pathinfo,
function,stripslashes,
function,stripcslashes,
function,strstr,
function,stristr,
function,strrchr,
function,str_shuffle,
function,str_word_count,
function,str_split,
function,strpbrk,
function,substr_compare,
function,strcoll,
function,money_format,
function,substr,
function,substr_replace,
function,quotemeta,
function,ucfirst,
function,lcfirst,
function,ucwords,
function,strtr,
function,addslashes,
function,addcslashes,
function,rtrim,
function,str_replace,
function,str_ireplace,
function,str_repeat,
function,count_chars,
function,chunk_split,
function,trim,
function,ltrim,
function,strip_tags,
function,similar_text,
function,explode,
function,implode,
function,join,
function,setlocale,
function,localeconv,
function,nl_langinfo,
function,soundex,
function,levenshtein,
function,chr,
function,ord,
function,parse_str,
function,str_getcsv,
function,str_pad,
function,chop,
function,strchr,
function,sprintf,
function,printf,
function,vprintf,
function,vsprintf,
function,fprintf,
function,vfprintf,
function,sscanf,
function,fscanf,
function,parse_url,
function,urlencode,
function,urldecode,
function,rawurlencode,
function,rawurldecode,
function,http_build_query,
function,readlink,
function,linkinfo,
function,symlink,
function,link,
function,unlink,
function,exec,
function,system,
function,escapeshellcmd,
function,escapeshellarg,
function,passthru,
function,shell_exec,
function,proc_open,
function,proc_close,
function,proc_terminate,
function,proc_get_status,
function,proc_nice,
function,rand,
function,srand,
function,getrandmax,
function,mt_rand,
function,mt_srand,
function,mt_getrandmax,
function,getservbyname,
function,getservbyport,
function,getprotobyname,
function,getprotobynumber,
function,getmyuid,
function,getmygid,
function,getmypid,
function,getmyinode,
function,getlastmod,
function,base64_decode,
function,base64_encode,
function,password_hash,
function,password_get_info,
function,password_needs_rehash,
function,password_verify,
function,convert_uuencode,
function,convert_uudecode,
function,abs,
function,ceil,
function,floor,
function,round,
function,sin,
function,cos,
function,tan,
function,asin,
function,acos,
function,atan,
function,atanh,
function,atan2,
function,sinh,
function,cosh,
function,tanh,
function,asinh,
function,acosh,
function,expm1,
function,log1p,
function,pi,
function,is_finite,
function,is_nan,
function,is_infinite,
function,pow,
function,exp,
function,log,
function,log10,
function,sqrt,
function,hypot,
function,deg2rad,
function,rad2deg,
function,bindec,
function,hexdec,
function,octdec,
function,decbin,
function,decoct,
function,dechex,
function,base_convert,
function,number_format,
function,fmod,
function,inet_ntop,
function,inet_pton,
function,ip2long,
function,long2ip,
function,getenv,
function,putenv,
function,getopt,
function,sys_getloadavg,
function,microtime,
function,gettimeofday,
function,getrusage,
function,uniqid,
function,quoted_printable_decode,
function,quoted_printable_encode,
function,convert_cyr_string,
function,get_current_user,
function,set_time_limit,
function,header_register_callback,
function,get_cfg_var,
function,magic_quotes_runtime,
function,set_magic_quotes_runtime,
function,get_magic_quotes_gpc,
function,get_magic_quotes_runtime,
function,error_log,
function,error_get_last,
function,call_user_func,
function,call_user_func_array,
function,call_user_method,
function,call_user_method_array,
function,forward_static_call,
function,forward_static_call_array,
function,serialize,
function,unserialize,
function,var_dump,
function,var_export,
function,debug_zval_dump,
function,print_r,
function,memory_get_usage,
function,memory_get_peak_usage,
function,register_shutdown_function,
function,register_tick_function,
function,unregister_tick_function,
function,highlight_file,
function,show_source,
function,highlight_string,
function,php_strip_whitespace,
function,ini_get,
function,ini_get_all,
function,ini_set,
function,ini_alter,
function,ini_restore,
function,get_include_path,
function,set_include_path,
function,restore_include_path,
function,setcookie,
function,setrawcookie,
function,header,
function,header_remove,
function,headers_sent,
function,headers_list,
function,http_response_code,
function,connection_aborted,
function,connection_status,
function,ignore_user_abort,
function,parse_ini_file,
function,parse_ini_string,
function,is_uploaded_file,
function,move_uploaded_file,
function,gethostbyaddr,
function,gethostbyname,
function,gethostbynamel,
function,gethostname,
function,dns_check_record,
function,checkdnsrr,
function,dns_get_mx,
function,getmxrr,
function,dns_get_record,
function,intval,
function,floatval,
function,doubleval,
function,strval,
function,boolval,
function,gettype,
function,settype,
function,is_null,
function,is_resource,
function,is_bool,
function,is_long,
function,is_float,
function,is_int,
function,is_integer,
function,is_double,
function,is_real,
function,is_numeric,
function,is_string,
function,is_array,
function,is_object,
function,is_scalar,
function,is_callable,
function,pclose,
function,popen,
function,readfile,
function,rewind,
function,rmdir,
function,umask,
function,fclose,
function,feof,
function,fgetc,
function,fgets,
function,fgetss,
function,fread,
function,fopen,
function,fpassthru,
function,ftruncate,
function,fstat,
function,fseek,
function,ftell,
function,fflush,
function,fwrite,
function,fputs,
function,mkdir,
function,rename,
function,copy,
function,tempnam,
function,tmpfile,
function,file,
function,file_get_contents,
function,file_put_contents,
function,stream_select,
function,stream_context_create,
function,stream_context_set_params,
function,stream_context_get_params,
function,stream_context_set_option,
function,stream_context_get_options,
function,stream_context_get_default,
function,stream_context_set_default,
function,stream_filter_prepend,
function,stream_filter_append,
function,stream_filter_remove,
function,stream_socket_client,
function,stream_socket_server,
function,stream_socket_accept,
function,stream_socket_get_name,
function,stream_socket_recvfrom,
function,stream_socket_sendto,
function,stream_socket_enable_crypto,
function,stream_socket_shutdown,
function,stream_socket_pair,
function,stream_copy_to_stream,
function,stream_get_contents,
function,stream_supports_lock,
function,fgetcsv,
function,fputcsv,
function,flock,
function,get_meta_tags,
function,stream_set_read_buffer,
function,stream_set_write_buffer,
function,set_file_buffer,
function,stream_set_chunk_size,
function,set_socket_blocking,
function,stream_set_blocking,
function,socket_set_blocking,
function,stream_get_meta_data,
function,stream_get_line,
function,stream_wrapper_register,
function,stream_register_wrapper,
function,stream_wrapper_unregister,
function,stream_wrapper_restore,
function,stream_get_wrappers,
function,stream_get_transports,
function,stream_resolve_include_path,
function,stream_is_local,
function,get_headers,
function,stream_set_timeout,
function,socket_set_timeout,
function,socket_get_status,
function,realpath,
function,fnmatch,
function,fsockopen,
function,pfsockopen,
function,pack,
function,unpack,
function,get_browser,
function,crypt,
function,opendir,
function,closedir,
function,chdir,
function,chroot,
function,getcwd,
function,rewinddir,
function,readdir,
function,dir,
function,scandir,
function,glob,
function,fileatime,
function,filectime,
function,filegroup,
function,fileinode,
function,filemtime,
function,fileowner,
function,fileperms,
function,filesize,
function,filetype,
function,file_exists,
function,is_writable,
function,is_writeable,
function,is_readable,
function,is_executable,
function,is_file,
function,is_dir,
function,is_link,
function,stat,
function,lstat,
function,chown,
function,chgrp,
function,lchown,
function,lchgrp,
function,chmod,
function,touch,
function,clearstatcache,
function,disk_total_space,
function,disk_free_space,
function,diskfreespace,
function,realpath_cache_size,
function,realpath_cache_get,
function,mail,
function,ezmlm_hash,
function,openlog,
function,syslog,
function,closelog,
function,lcg_value,
function,metaphone,
function,ob_start,
function,ob_flush,
function,ob_clean,
function,ob_end_flush,
function,ob_end_clean,
function,ob_get_flush,
function,ob_get_clean,
function,ob_get_length,
function,ob_get_level,
function,ob_get_status,
function,ob_get_contents,
function,ob_implicit_flush,
function,ob_list_handlers,
function,ksort,
function,krsort,
function,natsort,
function,natcasesort,
function,asort,
function,arsort,
function,sort,
function,rsort,
function,usort,
function,uasort,
function,uksort,
function,shuffle,
function,array_walk,
function,array_walk_recursive,
function,count,
function,end,
function,prev,
function,next,
function,reset,
function,current,
function,key,
function,min,
function,max,
function,in_array,
function,array_search,
function,extract,
function,compact,
function,array_fill,
function,array_fill_keys,
function,range,
function,array_multisort,
function,array_push,
function,array_pop,
function,array_shift,
function,array_unshift,
function,array_splice,
function,array_slice,
function,array_merge,
function,array_merge_recursive,
function,array_replace,
function,array_replace_recursive,
function,array_keys,
function,array_values,
function,array_count_values,
function,array_column,
function,array_reverse,
function,array_reduce,
function,array_pad,
function,array_flip,
function,array_change_key_case,
function,array_rand,
function,array_unique,
function,array_intersect,
function,array_intersect_key,
function,array_intersect_ukey,
function,array_uintersect,
function,array_intersect_assoc,
function,array_uintersect_assoc,
function,array_intersect_uassoc,
function,array_uintersect_uassoc,
function,array_diff,
function,array_diff_key,
function,array_diff_ukey,
function,array_udiff,
function,array_diff_assoc,
function,array_udiff_assoc,
function,array_diff_uassoc,
function,array_udiff_uassoc,
function,array_sum,
function,array_product,
function,array_filter,
function,array_map,
function,array_chunk,
function,array_combine,
function,array_key_exists,
function,pos,
function,sizeof,
function,key_exists,
function,assert,
function,assert_options,
function,version_compare,
function,ftok,
function,str_rot13,
function,stream_get_filters,
function,stream_filter_register,
function,stream_bucket_make_writeable,
function,stream_bucket_prepend,
function,stream_bucket_append,
function,stream_bucket_new,
function,output_add_rewrite_var,
function,output_reset_rewrite_vars,
function,sys_get_temp_dir,
function,msg_get_queue,
function,msg_send,
function,msg_receive,
function,msg_remove_queue,
function,msg_stat_queue,
function,msg_set_queue,
function,msg_queue_exists,
function,sem_get,
function,sem_acquire,
function,sem_release,
function,sem_remove,
function,shm_attach,
function,shm_remove,
function,shm_detach,
function,shm_put_var,
function,shm_has_var,
function,shm_get_var,
function,shm_remove_var,
function,token_get_all,
function,token_name,
function,wddx_serialize_value,
function,wddx_serialize_vars,
function,wddx_packet_start,
function,wddx_packet_end,
function,wddx_add_vars,
function,wddx_deserialize,
function,xml_parser_create,
function,xml_parser_create_ns,
function,xml_set_object,
function,xml_set_element_handler,
function,xml_set_character_data_handler,
function,xml_set_processing_instruction_handler,
function,xml_set_default_handler,
function,xml_set_unparsed_entity_decl_handler,
function,xml_set_notation_decl_handler,
function,xml_set_external_entity_ref_handler,
function,xml_set_start_namespace_decl_handler,
function,xml_set_end_namespace_decl_handler,
function,xml_parse,
function,xml_parse_into_struct,
function,xml_get_error_code,
function,xml_error_string,
function,xml_get_current_line_number,
function,xml_get_current_column_number,
function,xml_get_current_byte_index,
function,xml_parser_free,
function,xml_parser_set_option,
function,xml_parser_get_option,
function,utf8_encode,
function,utf8_decode,
function,xmlwriter_open_uri,
function,xmlwriter_open_memory,
function,xmlwriter_set_indent,
function,xmlwriter_set_indent_string,
function,xmlwriter_start_comment,
function,xmlwriter_end_comment,
function,xmlwriter_start_attribute,
function,xmlwriter_end_attribute,
function,xmlwriter_write_attribute,
function,xmlwriter_start_attribute_ns,
function,xmlwriter_write_attribute_ns,
function,xmlwriter_start_element,
function,xmlwriter_end_element,
function,xmlwriter_full_end_element,
function,xmlwriter_start_element_ns,
function,xmlwriter_write_element,
function,xmlwriter_write_element_ns,
function,xmlwriter_start_pi,
function,xmlwriter_end_pi,
function,xmlwriter_write_pi,
function,xmlwriter_start_cdata,
function,xmlwriter_end_cdata,
function,xmlwriter_write_cdata,
function,xmlwriter_text,
function,xmlwriter_write_raw,
function,xmlwriter_start_document,
function,xmlwriter_end_document,
function,xmlwriter_write_comment,
function,xmlwriter_start_dtd,
function,xmlwriter_end_dtd,
function,xmlwriter_write_dtd,
function,xmlwriter_start_dtd_element,
function,xmlwriter_end_dtd_element,
function,xmlwriter_write_dtd_element,
function,xmlwriter_start_dtd_attlist,
function,xmlwriter_end_dtd_attlist,
function,xmlwriter_write_dtd_attlist,
function,xmlwriter_start_dtd_entity,
function,xmlwriter_end_dtd_entity,
function,xmlwriter_write_dtd_entity,
function,xmlwriter_output_memory,
function,xmlwriter_flush,
function,zip_open,
function,zip_close,
function,zip_read,
function,zip_entry_open,
function,zip_entry_close,
function,zip_entry_read,
function,zip_entry_filesize,
function,zip_entry_name,
function,zip_entry_compressedsize,
function,zip_entry_compressionmethod,
function,pdo_drivers,
function,curl_init,
function,curl_copy_handle,
function,curl_version,
function,curl_setopt,
function,curl_setopt_array,
function,curl_exec,
function,curl_getinfo,
function,curl_error,
function,curl_errno,
function,curl_close,
function,curl_strerror,
function,curl_multi_strerror,
function,curl_reset,
function,curl_escape,
function,curl_unescape,
function,curl_pause,
function,curl_multi_init,
function,curl_multi_add_handle,
function,curl_multi_remove_handle,
function,curl_multi_select,
function,curl_multi_exec,
function,curl_multi_getcontent,
function,curl_multi_info_read,
function,curl_multi_close,
function,curl_multi_setopt,
function,curl_share_init,
function,curl_share_close,
function,curl_share_setopt,
function,curl_file_create,
function,gd_info,
function,imagearc,
function,imageellipse,
function,imagechar,
function,imagecharup,
function,imagecolorat,
function,imagecolorallocate,
function,imagepalettecopy,
function,imagecreatefromstring,
function,imagecolorclosest,
function,imagecolorclosesthwb,
function,imagecolordeallocate,
function,imagecolorresolve,
function,imagecolorexact,
function,imagecolorset,
function,imagecolortransparent,
function,imagecolorstotal,
function,imagecolorsforindex,
function,imagecopy,
function,imagecopymerge,
function,imagecopymergegray,
function,imagecopyresized,
function,imagecreate,
function,imagecreatetruecolor,
function,imageistruecolor,
function,imagetruecolortopalette,
function,imagepalettetotruecolor,
function,imagesetthickness,
function,imagefilledarc,
function,imagefilledellipse,
function,imagealphablending,
function,imagesavealpha,
function,imagecolorallocatealpha,
function,imagecolorresolvealpha,
function,imagecolorclosestalpha,
function,imagecolorexactalpha,
function,imagecopyresampled,
function,imagerotate,
function,imageflip,
function,imagecrop,
function,imagecropauto,
function,imagescale,
function,imageaffine,
function,imageaffinematrixconcat,
function,imageaffinematrixget,
function,imagesetinterpolation,
function,imagesettile,
function,imagesetbrush,
function,imagesetstyle,
function,imagecreatefrompng,
function,imagecreatefromwebp,
function,imagecreatefromgif,
function,imagecreatefromjpeg,
function,imagecreatefromwbmp,
function,imagecreatefromxbm,
function,imagecreatefromxpm,
function,imagecreatefromgd,
function,imagecreatefromgd2,
function,imagecreatefromgd2part,
function,imagepng,
function,imagewebp,
function,imagegif,
function,imagejpeg,
function,imagewbmp,
function,imagegd,
function,imagegd2,
function,imagedestroy,
function,imagegammacorrect,
function,imagefill,
function,imagefilledpolygon,
function,imagefilledrectangle,
function,imagefilltoborder,
function,imagefontwidth,
function,imagefontheight,
function,imageinterlace,
function,imageline,
function,imageloadfont,
function,imagepolygon,
function,imagerectangle,
function,imagesetpixel,
function,imagestring,
function,imagestringup,
function,imagesx,
function,imagesy,
function,imagedashedline,
function,imagettfbbox,
function,imagettftext,
function,imageftbbox,
function,imagefttext,
function,imagetypes,
function,jpeg2wbmp,
function,png2wbmp,
function,image2wbmp,
function,imagelayereffect,
function,imagexbm,
function,imagecolormatch,
function,imagefilter,
function,imageconvolution,
function,json_encode,
function,json_decode,
function,json_last_error,
function,json_last_error_msg,
function,ldap_connect,
function,ldap_close,
function,ldap_bind,
function,ldap_sasl_bind,
function,ldap_unbind,
function,ldap_read,
function,ldap_list,
function,ldap_search,
function,ldap_free_result,
function,ldap_count_entries,
function,ldap_first_entry,
function,ldap_next_entry,
function,ldap_get_entries,
function,ldap_first_attribute,
function,ldap_next_attribute,
function,ldap_get_attributes,
function,ldap_get_values,
function,ldap_get_values_len,
function,ldap_get_dn,
function,ldap_explode_dn,
function,ldap_dn2ufn,
function,ldap_add,
function,ldap_delete,
function,ldap_modify,
function,ldap_mod_add,
function,ldap_mod_replace,
function,ldap_mod_del,
function,ldap_errno,
function,ldap_err2str,
function,ldap_error,
function,ldap_compare,
function,ldap_sort,
function,ldap_rename,
function,ldap_get_option,
function,ldap_set_option,
function,ldap_first_reference,
function,ldap_next_reference,
function,ldap_parse_reference,
function,ldap_parse_result,
function,ldap_start_tls,
function,ldap_set_rebind_proc,
function,ldap_control_paged_result,
function,ldap_control_paged_result_response,
function,mysql_connect,
function,mysql_pconnect,
function,mysql_close,
function,mysql_select_db,
function,mysql_query,
function,mysql_unbuffered_query,
function,mysql_db_query,
function,mysql_list_dbs,
function,mysql_list_tables,
function,mysql_list_fields,
function,mysql_list_processes,
function,mysql_error,
function,mysql_errno,
function,mysql_affected_rows,
function,mysql_insert_id,
function,mysql_result,
function,mysql_num_rows,
function,mysql_num_fields,
function,mysql_fetch_row,
function,mysql_fetch_array,
function,mysql_fetch_assoc,
function,mysql_fetch_object,
function,mysql_data_seek,
function,mysql_fetch_lengths,
function,mysql_fetch_field,
function,mysql_field_seek,
function,mysql_free_result,
function,mysql_field_name,
function,mysql_field_table,
function,mysql_field_len,
function,mysql_field_type,
function,mysql_field_flags,
function,mysql_escape_string,
function,mysql_real_escape_string,
function,mysql_stat,
function,mysql_thread_id,
function,mysql_client_encoding,
function,mysql_ping,
function,mysql_get_client_info,
function,mysql_get_host_info,
function,mysql_get_proto_info,
function,mysql_get_server_info,
function,mysql_info,
function,mysql_set_charset,
function,mysql,
function,mysql_fieldname,
function,mysql_fieldtable,
function,mysql_fieldlen,
function,mysql_fieldtype,
function,mysql_fieldflags,
function,mysql_selectdb,
function,mysql_freeresult,
function,mysql_numfields,
function,mysql_numrows,
function,mysql_listdbs,
function,mysql_listtables,
function,mysql_listfields,
function,mysql_db_name,
function,mysql_dbname,
function,mysql_tablename,
function,mysql_table_name,
function,mysqli_affected_rows,
function,mysqli_autocommit,
function,mysqli_begin_transaction,
function,mysqli_change_user,
function,mysqli_character_set_name,
function,mysqli_close,
function,mysqli_commit,
function,mysqli_connect,
function,mysqli_connect_errno,
function,mysqli_connect_error,
function,mysqli_data_seek,
function,mysqli_dump_debug_info,
function,mysqli_debug,
function,mysqli_errno,
function,mysqli_error,
function,mysqli_error_list,
function,mysqli_stmt_execute,
function,mysqli_execute,
function,mysqli_fetch_field,
function,mysqli_fetch_fields,
function,mysqli_fetch_field_direct,
function,mysqli_fetch_lengths,
function,mysqli_fetch_array,
function,mysqli_fetch_assoc,
function,mysqli_fetch_object,
function,mysqli_fetch_row,
function,mysqli_field_count,
function,mysqli_field_seek,
function,mysqli_field_tell,
function,mysqli_free_result,
function,mysqli_get_charset,
function,mysqli_get_client_info,
function,mysqli_get_client_version,
function,mysqli_get_host_info,
function,mysqli_get_proto_info,
function,mysqli_get_server_info,
function,mysqli_get_server_version,
function,mysqli_get_warnings,
function,mysqli_init,
function,mysqli_info,
function,mysqli_insert_id,
function,mysqli_kill,
function,mysqli_more_results,
function,mysqli_multi_query,
function,mysqli_next_result,
function,mysqli_num_fields,
function,mysqli_num_rows,
function,mysqli_options,
function,mysqli_ping,
function,mysqli_prepare,
function,mysqli_report,
function,mysqli_query,
function,mysqli_real_connect,
function,mysqli_real_escape_string,
function,mysqli_real_query,
function,mysqli_release_savepoint,
function,mysqli_rollback,
function,mysqli_savepoint,
function,mysqli_select_db,
function,mysqli_set_charset,
function,mysqli_stmt_affected_rows,
function,mysqli_stmt_attr_get,
function,mysqli_stmt_attr_set,
function,mysqli_stmt_bind_param,
function,mysqli_stmt_bind_result,
function,mysqli_stmt_close,
function,mysqli_stmt_data_seek,
function,mysqli_stmt_errno,
function,mysqli_stmt_error,
function,mysqli_stmt_error_list,
function,mysqli_stmt_fetch,
function,mysqli_stmt_field_count,
function,mysqli_stmt_free_result,
function,mysqli_stmt_get_warnings,
function,mysqli_stmt_init,
function,mysqli_stmt_insert_id,
function,mysqli_stmt_num_rows,
function,mysqli_stmt_param_count,
function,mysqli_stmt_prepare,
function,mysqli_stmt_reset,
function,mysqli_stmt_result_metadata,
function,mysqli_stmt_send_long_data,
function,mysqli_stmt_store_result,
function,mysqli_stmt_sqlstate,
function,mysqli_sqlstate,
function,mysqli_ssl_set,
function,mysqli_stat,
function,mysqli_store_result,
function,mysqli_thread_id,
function,mysqli_thread_safe,
function,mysqli_use_result,
function,mysqli_warning_count,
function,mysqli_refresh,
function,mysqli_escape_string,
function,mysqli_set_opt,
function,readline,
function,readline_info,
function,readline_add_history,
function,readline_clear_history,
function,readline_read_history,
function,readline_write_history,
function,readline_completion_function,
function,readline_callback_handler_install,
function,readline_callback_read_char,
function,readline_callback_handler_remove,
function,readline_redisplay,
function,readline_on_new_line,
function,opcache_reset,
function,opcache_invalidate,
function,opcache_compile_file,
function,opcache_get_configuration,
function,opcache_get_status,
function,xdebug_get_stack_depth,
function,xdebug_get_function_stack,
function,xdebug_get_formatted_function_stack,
function,xdebug_print_function_stack,
function,xdebug_get_declared_vars,
function,xdebug_call_class,
function,xdebug_call_function,
function,xdebug_call_file,
function,xdebug_call_line,
function,xdebug_var_dump,
function,xdebug_debug_zval,
function,xdebug_debug_zval_stdout,
function,xdebug_enable,
function,xdebug_disable,
function,xdebug_is_enabled,
function,xdebug_break,
function,xdebug_start_trace,
function,xdebug_stop_trace,
function,xdebug_get_tracefile_name,
function,xdebug_get_profiler_filename,
function,xdebug_dump_aggr_profiling_data,
function,xdebug_clear_aggr_profiling_data,
function,xdebug_memory_usage,
function,xdebug_peak_memory_usage,
function,xdebug_time_index,
function,xdebug_start_error_collection,
function,xdebug_stop_error_collection,
function,xdebug_get_collected_errors,
function,xdebug_start_code_coverage,
function,xdebug_stop_code_coverage,
function,xdebug_get_code_coverage,
function,xdebug_get_function_count,
function,xdebug_dump_superglobals,
function,xdebug_get_headers,
function,dl,
function,cli_set_process_title,
function,cli_get_process_title,
class,stdClass,
class,Exception,
class,ErrorException,
class,Closure,
class,Generator,
class,DateTime,
class,DateTimeImmutable,
class,DateTimeZone,
class,DateInterval,
class,DatePeriod,
class,LibXMLError,
class,DOMException,
class,DOMStringList,
class,DOMNameList,
class,DOMImplementationList,
class,DOMImplementationSource,
class,DOMImplementation,
class,DOMNode,
class,DOMNameSpaceNode,
class,DOMDocumentFragment,
class,DOMDocument,
class,DOMNodeList,
class,DOMNamedNodeMap,
class,DOMCharacterData,
class,DOMAttr,
class,DOMElement,
class,DOMText,
class,DOMComment,
class,DOMTypeinfo,
class,DOMUserDataHandler,
class,DOMDomError,
class,DOMErrorHandler,
class,DOMLocator,
class,DOMConfiguration,
class,DOMCdataSection,
class,DOMDocumentType,
class,DOMNotation,
class,DOMEntity,
class,DOMEntityReference,
class,DOMProcessingInstruction,
class,DOMStringExtend,
class,DOMXPath,
class,finfo,
class,LogicException,
class,BadFunctionCallException,
class,BadMethodCallException,
class,DomainException,
class,InvalidArgumentException,
class,LengthException,
class,OutOfRangeException,
class,RuntimeException,
class,OutOfBoundsException,
class,OverflowException,
class,RangeException,
class,UnderflowException,
class,UnexpectedValueException,
class,RecursiveIteratorIterator,
class,IteratorIterator,
class,FilterIterator,
class,RecursiveFilterIterator,
class,CallbackFilterIterator,
class,RecursiveCallbackFilterIterator,
class,ParentIterator,
class,LimitIterator,
class,CachingIterator,
class,RecursiveCachingIterator,
class,NoRewindIterator,
class,AppendIterator,
class,InfiniteIterator,
class,RegexIterator,
class,RecursiveRegexIterator,
class,EmptyIterator,
class,RecursiveTreeIterator,
class,ArrayObject,
class,ArrayIterator,
class,RecursiveArrayIterator,
class,SplFileInfo,
class,DirectoryIterator,
class,FilesystemIterator,
class,RecursiveDirectoryIterator,
class,GlobIterator,
class,SplFileObject,
class,SplTempFileObject,
class,SplDoublyLinkedList,
class,SplQueue,
class,SplStack,
class,SplHeap,
class,SplMinHeap,
class,SplMaxHeap,
class,SplPriorityQueue,
class,SplFixedArray,
class,SplObjectStorage,
class,MultipleIterator,
class,SessionHandler,
class,ReflectionException,
class,Reflection,
class,ReflectionFunctionAbstract,
class,ReflectionFunction,
class,ReflectionParameter,
class,ReflectionMethod,
class,ReflectionClass,
class,ReflectionObject,
class,ReflectionProperty,
class,ReflectionExtension,
class,ReflectionZendExtension,
class,__PHP_Incomplete_Class,
class,php_user_filter,
class,Directory,
class,SimpleXMLElement,
class,SimpleXMLIterator,
class,SoapClient,
class,SoapVar,
class,SoapServer,
class,SoapFault,
class,SoapParam,
class,SoapHeader,
class,PharException,
class,Phar,
class,PharData,
class,PharFileInfo,
class,XMLReader,
class,XMLWriter,
class,ZipArchive,
class,PDOException,
class,PDO,
class,PDOStatement,
class,PDORow,
class,CURLFile,
class,JsonIncrementalParser,
class,mysqli_sql_exception,
class,mysqli_driver,
class,mysqli,
class,mysqli_warning,
class,mysqli_result,
class,mysqli_stmt,
interface,Traversable,
interface,IteratorAggregate,
interface,Iterator,
interface,ArrayAccess,
interface,Serializable,
interface,DateTimeInterface,
interface,RecursiveIterator,
interface,OuterIterator,
interface,Countable,
interface,SeekableIterator,
interface,SplObserver,
interface,SplSubject,
interface,SessionHandlerInterface,
interface,SessionIdInterface,
interface,Reflector,
interface,JsonSerializable,
variable,_GET,
variable,_POST,
variable,_COOKIE,
variable,_FILES,
variable,argv,
variable,argc,
variable,_ENV,
variable,_REQUEST,
variable,_SERVER,
constant,E_ERROR,1
constant,E_RECOVERABLE_ERROR,4096
constant,E_WARNING,2
constant,E_PARSE,4
constant,E_NOTICE,8
constant,E_STRICT,2048
constant,E_DEPRECATED,8192
constant,E_CORE_ERROR,16
constant,E_CORE_WARNING,32
constant,E_COMPILE_ERROR,64
constant,E_COMPILE_WARNING,128
constant,E_USER_ERROR,256
constant,E_USER_WARNING,512
constant,E_USER_NOTICE,1024
constant,E_USER_DEPRECATED,16384
constant,E_ALL,32767
constant,DEBUG_BACKTRACE_PROVIDE_OBJECT,1
constant,DEBUG_BACKTRACE_IGNORE_ARGS,2
constant,TRUE,1
constant,FALSE,
constant,NULL,
constant,ZEND_THREAD_SAFE,
constant,ZEND_DEBUG_BUILD,
constant,PHP_VERSION,5.5.9-1ubuntu4.5
constant,PHP_MAJOR_VERSION,5
constant,PHP_MINOR_VERSION,5
constant,PHP_RELEASE_VERSION,9
constant,PHP_EXTRA_VERSION,-1ubuntu4.5
constant,PHP_VERSION_ID,50509
constant,PHP_ZTS,0
constant,PHP_DEBUG,0
constant,PHP_OS,Linux
constant,PHP_SAPI,cli
constant,DEFAULT_INCLUDE_PATH,.:/usr/share/php:/usr/share/pear
constant,PEAR_INSTALL_DIR,/usr/share/php
constant,PEAR_EXTENSION_DIR,/usr/lib/php5/20121212
constant,PHP_EXTENSION_DIR,/usr/lib/php5/20121212
constant,PHP_PREFIX,/usr
constant,PHP_BINDIR,/usr/bin
constant,PHP_MANDIR,/usr/share/man
constant,PHP_LIBDIR,/usr/lib/php5
constant,PHP_DATADIR,${prefix}/share
constant,PHP_SYSCONFDIR,/etc
constant,PHP_LOCALSTATEDIR,/var
constant,PHP_CONFIG_FILE_PATH,/etc/php5/cli
constant,PHP_CONFIG_FILE_SCAN_DIR,/etc/php5/cli/conf.d
constant,PHP_SHLIB_SUFFIX,so
constant,PHP_EOL,"
"
constant,PHP_MAXPATHLEN,4096
constant,PHP_INT_MAX,9223372036854775807
constant,PHP_INT_SIZE,8
constant,PHP_BINARY,/usr/bin/php5
constant,PHP_OUTPUT_HANDLER_START,1
constant,PHP_OUTPUT_HANDLER_WRITE,0
constant,PHP_OUTPUT_HANDLER_FLUSH,4
constant,PHP_OUTPUT_HANDLER_CLEAN,2
constant,PHP_OUTPUT_HANDLER_FINAL,8
constant,PHP_OUTPUT_HANDLER_CONT,0
constant,PHP_OUTPUT_HANDLER_END,8
constant,PHP_OUTPUT_HANDLER_CLEANABLE,16
constant,PHP_OUTPUT_HANDLER_FLUSHABLE,32
constant,PHP_OUTPUT_HANDLER_REMOVABLE,64
constant,PHP_OUTPUT_HANDLER_STDFLAGS,112
constant,PHP_OUTPUT_HANDLER_STARTED,4096
constant,PHP_OUTPUT_HANDLER_DISABLED,8192
constant,UPLOAD_ERR_OK,0
constant,UPLOAD_ERR_INI_SIZE,1
constant,UPLOAD_ERR_FORM_SIZE,2
constant,UPLOAD_ERR_PARTIAL,3
constant,UPLOAD_ERR_NO_FILE,4
constant,UPLOAD_ERR_NO_TMP_DIR,6
constant,UPLOAD_ERR_CANT_WRITE,7
constant,UPLOAD_ERR_EXTENSION,8
constant,DATE_ATOM,"Y-m-d\TH:i:sP"
constant,DATE_COOKIE,"l, d-M-Y H:i:s T"
constant,DATE_ISO8601,"Y-m-d\TH:i:sO"
constant,DATE_RFC822,"D, d M y H:i:s O"
constant,DATE_RFC850,"l, d-M-y H:i:s T"
constant,DATE_RFC1036,"D, d M y H:i:s O"
constant,DATE_RFC1123,"D, d M Y H:i:s O"
constant,DATE_RFC2822,"D, d M Y H:i:s O"
constant,DATE_RFC3339,"Y-m-d\TH:i:sP"
constant,DATE_RSS,"D, d M Y H:i:s O"
constant,DATE_W3C,"Y-m-d\TH:i:sP"
constant,SUNFUNCS_RET_TIMESTAMP,0
constant,SUNFUNCS_RET_STRING,1
constant,SUNFUNCS_RET_DOUBLE,2
constant,LIBXML_VERSION,20901
constant,LIBXML_DOTTED_VERSION,2.9.1
constant,LIBXML_LOADED_VERSION,20901
constant,LIBXML_NOENT,2
constant,LIBXML_DTDLOAD,4
constant,LIBXML_DTDATTR,8
constant,LIBXML_DTDVALID,16
constant,LIBXML_NOERROR,32
constant,LIBXML_NOWARNING,64
constant,LIBXML_NOBLANKS,256
constant,LIBXML_XINCLUDE,1024
constant,LIBXML_NSCLEAN,8192
constant,LIBXML_NOCDATA,16384
constant,LIBXML_NONET,2048
constant,LIBXML_PEDANTIC,128
constant,LIBXML_COMPACT,65536
constant,LIBXML_NOXMLDECL,2
constant,LIBXML_PARSEHUGE,524288
constant,LIBXML_NOEMPTYTAG,4
constant,LIBXML_SCHEMA_CREATE,1
constant,LIBXML_HTML_NOIMPLIED,8192
constant,LIBXML_HTML_NODEFDTD,4
constant,LIBXML_ERR_NONE,0
constant,LIBXML_ERR_WARNING,1
constant,LIBXML_ERR_ERROR,2
constant,LIBXML_ERR_FATAL,3
constant,OPENSSL_VERSION_TEXT,"OpenSSL 1.0.1f 6 Jan 2014"
constant,OPENSSL_VERSION_NUMBER,268439663
constant,X509_PURPOSE_SSL_CLIENT,1
constant,X509_PURPOSE_SSL_SERVER,2
constant,X509_PURPOSE_NS_SSL_SERVER,3
constant,X509_PURPOSE_SMIME_SIGN,4
constant,X509_PURPOSE_SMIME_ENCRYPT,5
constant,X509_PURPOSE_CRL_SIGN,6
constant,X509_PURPOSE_ANY,7
constant,OPENSSL_ALGO_SHA1,1
constant,OPENSSL_ALGO_MD5,2
constant,OPENSSL_ALGO_MD4,3
constant,OPENSSL_ALGO_DSS1,5
constant,OPENSSL_ALGO_SHA224,6
constant,OPENSSL_ALGO_SHA256,7
constant,OPENSSL_ALGO_SHA384,8
constant,OPENSSL_ALGO_SHA512,9
constant,OPENSSL_ALGO_RMD160,10
constant,PKCS7_DETACHED,64
constant,PKCS7_TEXT,1
constant,PKCS7_NOINTERN,16
constant,PKCS7_NOVERIFY,32
constant,PKCS7_NOCHAIN,8
constant,PKCS7_NOCERTS,2
constant,PKCS7_NOATTR,256
constant,PKCS7_BINARY,128
constant,PKCS7_NOSIGS,4
constant,OPENSSL_PKCS1_PADDING,1
constant,OPENSSL_SSLV23_PADDING,2
constant,OPENSSL_NO_PADDING,3
constant,OPENSSL_PKCS1_OAEP_PADDING,4
constant,OPENSSL_CIPHER_RC2_40,0
constant,OPENSSL_CIPHER_RC2_128,1
constant,OPENSSL_CIPHER_RC2_64,2
constant,OPENSSL_CIPHER_DES,3
constant,OPENSSL_CIPHER_3DES,4
constant,OPENSSL_CIPHER_AES_128_CBC,5
constant,OPENSSL_CIPHER_AES_192_CBC,6
constant,OPENSSL_CIPHER_AES_256_CBC,7
constant,OPENSSL_KEYTYPE_RSA,0
constant,OPENSSL_KEYTYPE_DSA,1
constant,OPENSSL_KEYTYPE_DH,2
constant,OPENSSL_KEYTYPE_EC,3
constant,OPENSSL_RAW_DATA,1
constant,OPENSSL_ZERO_PADDING,2
constant,OPENSSL_TLSEXT_SERVER_NAME,1
constant,PREG_PATTERN_ORDER,1
constant,PREG_SET_ORDER,2
constant,PREG_OFFSET_CAPTURE,256
constant,PREG_SPLIT_NO_EMPTY,1
constant,PREG_SPLIT_DELIM_CAPTURE,2
constant,PREG_SPLIT_OFFSET_CAPTURE,4
constant,PREG_GREP_INVERT,1
constant,PREG_NO_ERROR,0
constant,PREG_INTERNAL_ERROR,1
constant,PREG_BACKTRACK_LIMIT_ERROR,2
constant,PREG_RECURSION_LIMIT_ERROR,3
constant,PREG_BAD_UTF8_ERROR,4
constant,PREG_BAD_UTF8_OFFSET_ERROR,5
constant,PCRE_VERSION,"8.31 2012-07-06"
constant,FORCE_GZIP,31
constant,FORCE_DEFLATE,15
constant,ZLIB_ENCODING_RAW,-15
constant,ZLIB_ENCODING_GZIP,31
constant,ZLIB_ENCODING_DEFLATE,15
constant,CAL_GREGORIAN,0
constant,CAL_JULIAN,1
constant,CAL_JEWISH,2
constant,CAL_FRENCH,3
constant,CAL_NUM_CALS,4
constant,CAL_DOW_DAYNO,0
constant,CAL_DOW_SHORT,1
constant,CAL_DOW_LONG,2
constant,CAL_MONTH_GREGORIAN_SHORT,0
constant,CAL_MONTH_GREGORIAN_LONG,1
constant,CAL_MONTH_JULIAN_SHORT,2
constant,CAL_MONTH_JULIAN_LONG,3
constant,CAL_MONTH_JEWISH,4
constant,CAL_MONTH_FRENCH,5
constant,CAL_EASTER_DEFAULT,0
constant,CAL_EASTER_ROMAN,1
constant,CAL_EASTER_ALWAYS_GREGORIAN,2
constant,CAL_EASTER_ALWAYS_JULIAN,3
constant,CAL_JEWISH_ADD_ALAFIM_GERESH,2
constant,CAL_JEWISH_ADD_ALAFIM,4
constant,CAL_JEWISH_ADD_GERESHAYIM,8
constant,XML_ELEMENT_NODE,1
constant,XML_ATTRIBUTE_NODE,2
constant,XML_TEXT_NODE,3
constant,XML_CDATA_SECTION_NODE,4
constant,XML_ENTITY_REF_NODE,5
constant,XML_ENTITY_NODE,6
constant,XML_PI_NODE,7
constant,XML_COMMENT_NODE,8
constant,XML_DOCUMENT_NODE,9
constant,XML_DOCUMENT_TYPE_NODE,10
constant,XML_DOCUMENT_FRAG_NODE,11
constant,XML_NOTATION_NODE,12
constant,XML_HTML_DOCUMENT_NODE,13
constant,XML_DTD_NODE,14
constant,XML_ELEMENT_DECL_NODE,15
constant,XML_ATTRIBUTE_DECL_NODE,16
constant,XML_ENTITY_DECL_NODE,17
constant,XML_NAMESPACE_DECL_NODE,18
constant,XML_LOCAL_NAMESPACE,18
constant,XML_ATTRIBUTE_CDATA,1
constant,XML_ATTRIBUTE_ID,2
constant,XML_ATTRIBUTE_IDREF,3
constant,XML_ATTRIBUTE_IDREFS,4
constant,XML_ATTRIBUTE_ENTITY,6
constant,XML_ATTRIBUTE_NMTOKEN,7
constant,XML_ATTRIBUTE_NMTOKENS,8
constant,XML_ATTRIBUTE_ENUMERATION,9
constant,XML_ATTRIBUTE_NOTATION,10
constant,DOM_PHP_ERR,0
constant,DOM_INDEX_SIZE_ERR,1
constant,DOMSTRING_SIZE_ERR,2
constant,DOM_HIERARCHY_REQUEST_ERR,3
constant,DOM_WRONG_DOCUMENT_ERR,4
constant,DOM_INVALID_CHARACTER_ERR,5
constant,DOM_NO_DATA_ALLOWED_ERR,6
constant,DOM_NO_MODIFICATION_ALLOWED_ERR,7
constant,DOM_NOT_FOUND_ERR,8
constant,DOM_NOT_SUPPORTED_ERR,9
constant,DOM_INUSE_ATTRIBUTE_ERR,10
constant,DOM_INVALID_STATE_ERR,11
constant,DOM_SYNTAX_ERR,12
constant,DOM_INVALID_MODIFICATION_ERR,13
constant,DOM_NAMESPACE_ERR,14
constant,DOM_INVALID_ACCESS_ERR,15
constant,DOM_VALIDATION_ERR,16
constant,HASH_HMAC,1
constant,MHASH_CRC32,0
constant,MHASH_MD5,1
constant,MHASH_SHA1,2
constant,MHASH_HAVAL256,3
constant,MHASH_RIPEMD160,5
constant,MHASH_TIGER,7
constant,MHASH_GOST,8
constant,MHASH_CRC32B,9
constant,MHASH_HAVAL224,10
constant,MHASH_HAVAL192,11
constant,MHASH_HAVAL160,12
constant,MHASH_HAVAL128,13
constant,MHASH_TIGER128,14
constant,MHASH_TIGER160,15
constant,MHASH_MD4,16
constant,MHASH_SHA256,17
constant,MHASH_ADLER32,18
constant,MHASH_SHA224,19
constant,MHASH_SHA512,20
constant,MHASH_SHA384,21
constant,MHASH_WHIRLPOOL,22
constant,MHASH_RIPEMD128,23
constant,MHASH_RIPEMD256,24
constant,MHASH_RIPEMD320,25
constant,MHASH_SNEFRU256,27
constant,MHASH_MD2,28
constant,MHASH_FNV132,29
constant,MHASH_FNV1A32,30
constant,MHASH_FNV164,31
constant,MHASH_FNV1A64,32
constant,MHASH_JOAAT,33
constant,FILEINFO_NONE,0
constant,FILEINFO_SYMLINK,2
constant,FILEINFO_MIME,1040
constant,FILEINFO_MIME_TYPE,16
constant,FILEINFO_MIME_ENCODING,1024
constant,FILEINFO_DEVICES,8
constant,FILEINFO_CONTINUE,32
constant,FILEINFO_PRESERVE_ATIME,128
constant,FILEINFO_RAW,256
constant,INPUT_POST,0
constant,INPUT_GET,1
constant,INPUT_COOKIE,2
constant,INPUT_ENV,4
constant,INPUT_SERVER,5
constant,INPUT_SESSION,6
constant,INPUT_REQUEST,99
constant,FILTER_FLAG_NONE,0
constant,FILTER_REQUIRE_SCALAR,33554432
constant,FILTER_REQUIRE_ARRAY,16777216
constant,FILTER_FORCE_ARRAY,67108864
constant,FILTER_NULL_ON_FAILURE,134217728
constant,FILTER_VALIDATE_INT,257
constant,FILTER_VALIDATE_BOOLEAN,258
constant,FILTER_VALIDATE_FLOAT,259
constant,FILTER_VALIDATE_REGEXP,272
constant,FILTER_VALIDATE_URL,273
constant,FILTER_VALIDATE_EMAIL,274
constant,FILTER_VALIDATE_IP,275
constant,FILTER_VALIDATE_MAC,276
constant,FILTER_DEFAULT,516
constant,FILTER_UNSAFE_RAW,516
constant,FILTER_SANITIZE_STRING,513
constant,FILTER_SANITIZE_STRIPPED,513
constant,FILTER_SANITIZE_ENCODED,514
constant,FILTER_SANITIZE_SPECIAL_CHARS,515
constant,FILTER_SANITIZE_FULL_SPECIAL_CHARS,522
constant,FILTER_SANITIZE_EMAIL,517
constant,FILTER_SANITIZE_URL,518
constant,FILTER_SANITIZE_NUMBER_INT,519
constant,FILTER_SANITIZE_NUMBER_FLOAT,520
constant,FILTER_SANITIZE_MAGIC_QUOTES,521
constant,FILTER_CALLBACK,1024
constant,FILTER_FLAG_ALLOW_OCTAL,1
constant,FILTER_FLAG_ALLOW_HEX,2
constant,FILTER_FLAG_STRIP_LOW,4
constant,FILTER_FLAG_STRIP_HIGH,8
constant,FILTER_FLAG_STRIP_BACKTICK,512
constant,FILTER_FLAG_ENCODE_LOW,16
constant,FILTER_FLAG_ENCODE_HIGH,32
constant,FILTER_FLAG_ENCODE_AMP,64
constant,FILTER_FLAG_NO_ENCODE_QUOTES,128
constant,FILTER_FLAG_EMPTY_STRING_NULL,256
constant,FILTER_FLAG_ALLOW_FRACTION,4096
constant,FILTER_FLAG_ALLOW_THOUSAND,8192
constant,FILTER_FLAG_ALLOW_SCIENTIFIC,16384
constant,FILTER_FLAG_SCHEME_REQUIRED,65536
constant,FILTER_FLAG_HOST_REQUIRED,131072
constant,FILTER_FLAG_PATH_REQUIRED,262144
constant,FILTER_FLAG_QUERY_REQUIRED,524288
constant,FILTER_FLAG_IPV4,1048576
constant,FILTER_FLAG_IPV6,2097152
constant,FILTER_FLAG_NO_RES_RANGE,4194304
constant,FILTER_FLAG_NO_PRIV_RANGE,8388608
constant,FTP_ASCII,1
constant,FTP_TEXT,1
constant,FTP_BINARY,2
constant,FTP_IMAGE,2
constant,FTP_AUTORESUME,-1
constant,FTP_TIMEOUT_SEC,0
constant,FTP_AUTOSEEK,1
constant,FTP_FAILED,0
constant,FTP_FINISHED,1
constant,FTP_MOREDATA,2
constant,ICONV_IMPL,glibc
constant,ICONV_VERSION,2.19
constant,ICONV_MIME_DECODE_STRICT,1
constant,ICONV_MIME_DECODE_CONTINUE_ON_ERROR,2
constant,MB_OVERLOAD_MAIL,1
constant,MB_OVERLOAD_STRING,2
constant,MB_OVERLOAD_REGEX,4
constant,MB_CASE_UPPER,0
constant,MB_CASE_LOWER,1
constant,MB_CASE_TITLE,2
constant,WNOHANG,1
constant,WUNTRACED,2
constant,SIG_IGN,1
constant,SIG_DFL,0
constant,SIG_ERR,-1
constant,SIGHUP,1
constant,SIGINT,2
constant,SIGQUIT,3
constant,SIGILL,4
constant,SIGTRAP,5
constant,SIGABRT,6
constant,SIGIOT,6
constant,SIGBUS,7
constant,SIGFPE,8
constant,SIGKILL,9
constant,SIGUSR1,10
constant,SIGSEGV,11
constant,SIGUSR2,12
constant,SIGPIPE,13
constant,SIGALRM,14
constant,SIGTERM,15
constant,SIGSTKFLT,16
constant,SIGCLD,17
constant,SIGCHLD,17
constant,SIGCONT,18
constant,SIGSTOP,19
constant,SIGTSTP,20
constant,SIGTTIN,21
constant,SIGTTOU,22
constant,SIGURG,23
constant,SIGXCPU,24
constant,SIGXFSZ,25
constant,SIGVTALRM,26
constant,SIGPROF,27
constant,SIGWINCH,28
constant,SIGPOLL,29
constant,SIGIO,29
constant,SIGPWR,30
constant,SIGSYS,31
constant,SIGBABY,31
constant,PRIO_PGRP,1
constant,PRIO_USER,2
constant,PRIO_PROCESS,0
constant,SIG_BLOCK,0
constant,SIG_UNBLOCK,1
constant,SIG_SETMASK,2
constant,SI_USER,0
constant,SI_KERNEL,128
constant,SI_QUEUE,-1
constant,SI_TIMER,-2
constant,SI_MESGQ,-3
constant,SI_ASYNCIO,-4
constant,SI_SIGIO,-5
constant,SI_TKILL,-6
constant,CLD_EXITED,1
constant,CLD_KILLED,2
constant,CLD_DUMPED,3
constant,CLD_TRAPPED,4
constant,CLD_STOPPED,5
constant,CLD_CONTINUED,6
constant,TRAP_BRKPT,1
constant,TRAP_TRACE,2
constant,POLL_IN,1
constant,POLL_OUT,2
constant,POLL_MSG,3
constant,POLL_ERR,4
constant,POLL_PRI,5
constant,POLL_HUP,6
constant,ILL_ILLOPC,1
constant,ILL_ILLOPN,2
constant,ILL_ILLADR,3
constant,ILL_ILLTRP,4
constant,ILL_PRVOPC,5
constant,ILL_PRVREG,6
constant,ILL_COPROC,7
constant,ILL_BADSTK,8
constant,FPE_INTDIV,1
constant,FPE_INTOVF,2
constant,FPE_FLTDIV,3
constant,FPE_FLTOVF,4
constant,FPE_FLTUND,7
constant,FPE_FLTRES,6
constant,FPE_FLTINV,7
constant,FPE_FLTSUB,8
constant,SEGV_MAPERR,1
constant,SEGV_ACCERR,2
constant,BUS_ADRALN,1
constant,BUS_ADRERR,2
constant,BUS_OBJERR,3
constant,PCNTL_EINTR,4
constant,PCNTL_ECHILD,10
constant,PCNTL_EINVAL,22
constant,PCNTL_EAGAIN,11
constant,PCNTL_ESRCH,3
constant,PCNTL_EACCES,13
constant,PCNTL_EPERM,1
constant,PCNTL_ENOMEM,12
constant,PCNTL_E2BIG,7
constant,PCNTL_EFAULT,14
constant,PCNTL_EIO,5
constant,PCNTL_EISDIR,21
constant,PCNTL_ELIBBAD,80
constant,PCNTL_ELOOP,40
constant,PCNTL_EMFILE,24
constant,PCNTL_ENAMETOOLONG,36
constant,PCNTL_ENFILE,23
constant,PCNTL_ENOENT,2
constant,PCNTL_ENOEXEC,8
constant,PCNTL_ENOTDIR,20
constant,PCNTL_ETXTBSY,26
constant,PHP_SESSION_DISABLED,0
constant,PHP_SESSION_NONE,1
constant,PHP_SESSION_ACTIVE,2
constant,POSIX_F_OK,0
constant,POSIX_X_OK,1
constant,POSIX_W_OK,2
constant,POSIX_R_OK,4
constant,POSIX_S_IFREG,32768
constant,POSIX_S_IFCHR,8192
constant,POSIX_S_IFBLK,24576
constant,POSIX_S_IFIFO,4096
constant,POSIX_S_IFSOCK,49152
constant,CONNECTION_ABORTED,1
constant,CONNECTION_NORMAL,0
constant,CONNECTION_TIMEOUT,2
constant,INI_USER,1
constant,INI_PERDIR,2
constant,INI_SYSTEM,4
constant,INI_ALL,7
constant,INI_SCANNER_NORMAL,0
constant,INI_SCANNER_RAW,1
constant,PHP_URL_SCHEME,0
constant,PHP_URL_HOST,1
constant,PHP_URL_PORT,2
constant,PHP_URL_USER,3
constant,PHP_URL_PASS,4
constant,PHP_URL_PATH,5
constant,PHP_URL_QUERY,6
constant,PHP_URL_FRAGMENT,7
constant,PHP_QUERY_RFC1738,1
constant,PHP_QUERY_RFC3986,2
constant,M_E,2.718281828459
constant,M_LOG2E,1.442695040889
constant,M_LOG10E,0.43429448190325
constant,M_LN2,0.69314718055995
constant,M_LN10,2.302585092994
constant,M_PI,3.1415926535898
constant,M_PI_2,1.5707963267949
constant,M_PI_4,0.78539816339745
constant,M_1_PI,0.31830988618379
constant,M_2_PI,0.63661977236758
constant,M_SQRTPI,1.7724538509055
constant,M_2_SQRTPI,1.1283791670955
constant,M_LNPI,1.1447298858494
constant,M_EULER,0.57721566490153
constant,M_SQRT2,1.4142135623731
constant,M_SQRT1_2,0.70710678118655
constant,M_SQRT3,1.7320508075689
constant,INF,INF
constant,NAN,NAN
constant,PHP_ROUND_HALF_UP,1
constant,PHP_ROUND_HALF_DOWN,2
constant,PHP_ROUND_HALF_EVEN,3
constant,PHP_ROUND_HALF_ODD,4
constant,INFO_GENERAL,1
constant,INFO_CREDITS,2
constant,INFO_CONFIGURATION,4
constant,INFO_MODULES,8
constant,INFO_ENVIRONMENT,16
constant,INFO_VARIABLES,32
constant,INFO_LICENSE,64
constant,INFO_ALL,4294967295
constant,CREDITS_GROUP,1
constant,CREDITS_GENERAL,2
constant,CREDITS_SAPI,4
constant,CREDITS_MODULES,8
constant,CREDITS_DOCS,16
constant,CREDITS_FULLPAGE,32
constant,CREDITS_QA,64
constant,CREDITS_ALL,4294967295
constant,HTML_SPECIALCHARS,0
constant,HTML_ENTITIES,1
constant,ENT_COMPAT,2
constant,ENT_QUOTES,3
constant,ENT_NOQUOTES,0
constant,ENT_IGNORE,4
constant,ENT_SUBSTITUTE,8
constant,ENT_DISALLOWED,128
constant,ENT_HTML401,0
constant,ENT_XML1,16
constant,ENT_XHTML,32
constant,ENT_HTML5,48
constant,STR_PAD_LEFT,0
constant,STR_PAD_RIGHT,1
constant,STR_PAD_BOTH,2
constant,PATHINFO_DIRNAME,1
constant,PATHINFO_BASENAME,2
constant,PATHINFO_EXTENSION,4
constant,PATHINFO_FILENAME,8
constant,CHAR_MAX,127
constant,LC_CTYPE,0
constant,LC_NUMERIC,1
constant,LC_TIME,2
constant,LC_COLLATE,3
constant,LC_MONETARY,4
constant,LC_ALL,6
constant,LC_MESSAGES,5
constant,SEEK_SET,0
constant,SEEK_CUR,1
constant,SEEK_END,2
constant,LOCK_SH,1
constant,LOCK_EX,2
constant,LOCK_UN,3
constant,LOCK_NB,4
constant,STREAM_NOTIFY_CONNECT,2
constant,STREAM_NOTIFY_AUTH_REQUIRED,3
constant,STREAM_NOTIFY_AUTH_RESULT,10
constant,STREAM_NOTIFY_MIME_TYPE_IS,4
constant,STREAM_NOTIFY_FILE_SIZE_IS,5
constant,STREAM_NOTIFY_REDIRECTED,6
constant,STREAM_NOTIFY_PROGRESS,7
constant,STREAM_NOTIFY_FAILURE,9
constant,STREAM_NOTIFY_COMPLETED,8
constant,STREAM_NOTIFY_RESOLVE,1
constant,STREAM_NOTIFY_SEVERITY_INFO,0
constant,STREAM_NOTIFY_SEVERITY_WARN,1
constant,STREAM_NOTIFY_SEVERITY_ERR,2
constant,STREAM_FILTER_READ,1
constant,STREAM_FILTER_WRITE,2
constant,STREAM_FILTER_ALL,3
constant,STREAM_CLIENT_PERSISTENT,1
constant,STREAM_CLIENT_ASYNC_CONNECT,2
constant,STREAM_CLIENT_CONNECT,4
constant,STREAM_CRYPTO_METHOD_SSLv2_CLIENT,0
constant,STREAM_CRYPTO_METHOD_SSLv3_CLIENT,1
constant,STREAM_CRYPTO_METHOD_SSLv23_CLIENT,2
constant,STREAM_CRYPTO_METHOD_TLS_CLIENT,3
constant,STREAM_CRYPTO_METHOD_SSLv2_SERVER,4
constant,STREAM_CRYPTO_METHOD_SSLv3_SERVER,5
constant,STREAM_CRYPTO_METHOD_SSLv23_SERVER,6
constant,STREAM_CRYPTO_METHOD_TLS_SERVER,7
constant,STREAM_SHUT_RD,0
constant,STREAM_SHUT_WR,1
constant,STREAM_SHUT_RDWR,2
constant,STREAM_PF_INET,2
constant,STREAM_PF_INET6,10
constant,STREAM_PF_UNIX,1
constant,STREAM_IPPROTO_IP,0
constant,STREAM_IPPROTO_TCP,6
constant,STREAM_IPPROTO_UDP,17
constant,STREAM_IPPROTO_ICMP,1
constant,STREAM_IPPROTO_RAW,255
constant,STREAM_SOCK_STREAM,1
constant,STREAM_SOCK_DGRAM,2
constant,STREAM_SOCK_RAW,3
constant,STREAM_SOCK_SEQPACKET,5
constant,STREAM_SOCK_RDM,4
constant,STREAM_PEEK,2
constant,STREAM_OOB,1
constant,STREAM_SERVER_BIND,4
constant,STREAM_SERVER_LISTEN,8
constant,FILE_USE_INCLUDE_PATH,1
constant,FILE_IGNORE_NEW_LINES,2
constant,FILE_SKIP_EMPTY_LINES,4
constant,FILE_APPEND,8
constant,FILE_NO_DEFAULT_CONTEXT,16
constant,FILE_TEXT,0
constant,FILE_BINARY,0
constant,FNM_NOESCAPE,2
constant,FNM_PATHNAME,1
constant,FNM_PERIOD,4
constant,FNM_CASEFOLD,16
constant,PSFS_PASS_ON,2
constant,PSFS_FEED_ME,1
constant,PSFS_ERR_FATAL,0
constant,PSFS_FLAG_NORMAL,0
constant,PSFS_FLAG_FLUSH_INC,1
constant,PSFS_FLAG_FLUSH_CLOSE,2
constant,PASSWORD_DEFAULT,1
constant,PASSWORD_BCRYPT,1
constant,PASSWORD_BCRYPT_DEFAULT_COST,10
constant,ABDAY_1,131072
constant,ABDAY_2,131073
constant,ABDAY_3,131074
constant,ABDAY_4,131075
constant,ABDAY_5,131076
constant,ABDAY_6,131077
constant,ABDAY_7,131078
constant,DAY_1,131079
constant,DAY_2,131080
constant,DAY_3,131081
constant,DAY_4,131082
constant,DAY_5,131083
constant,DAY_6,131084
constant,DAY_7,131085
constant,ABMON_1,131086
constant,ABMON_2,131087
constant,ABMON_3,131088
constant,ABMON_4,131089
constant,ABMON_5,131090
constant,ABMON_6,131091
constant,ABMON_7,131092
constant,ABMON_8,131093
constant,ABMON_9,131094
constant,ABMON_10,131095
constant,ABMON_11,131096
constant,ABMON_12,131097
constant,MON_1,131098
constant,MON_2,131099
constant,MON_3,131100
constant,MON_4,131101
constant,MON_5,131102
constant,MON_6,131103
constant,MON_7,131104
constant,MON_8,131105
constant,MON_9,131106
constant,MON_10,131107
constant,MON_11,131108
constant,MON_12,131109
constant,AM_STR,131110
constant,PM_STR,131111
constant,D_T_FMT,131112
constant,D_FMT,131113
constant,T_FMT,131114
constant,T_FMT_AMPM,131115
constant,ERA,131116
constant,ERA_D_T_FMT,131120
constant,ERA_D_FMT,131118
constant,ERA_T_FMT,131121
constant,ALT_DIGITS,131119
constant,CRNCYSTR,262159
constant,RADIXCHAR,65536
constant,THOUSEP,65537
constant,YESEXPR,327680
constant,NOEXPR,327681
constant,CODESET,14
constant,CRYPT_SALT_LENGTH,123
constant,CRYPT_STD_DES,1
constant,CRYPT_EXT_DES,1
constant,CRYPT_MD5,1
constant,CRYPT_BLOWFISH,1
constant,CRYPT_SHA256,1
constant,CRYPT_SHA512,1
constant,DIRECTORY_SEPARATOR,/
constant,PATH_SEPARATOR,:
constant,SCANDIR_SORT_ASCENDING,0
constant,SCANDIR_SORT_DESCENDING,1
constant,SCANDIR_SORT_NONE,2
constant,GLOB_BRACE,1024
constant,GLOB_MARK,2
constant,GLOB_NOSORT,4
constant,GLOB_NOCHECK,16
constant,GLOB_NOESCAPE,64
constant,GLOB_ERR,1
constant,GLOB_ONLYDIR,8192
constant,GLOB_AVAILABLE_FLAGS,9303
constant,LOG_EMERG,0
constant,LOG_ALERT,1
constant,LOG_CRIT,2
constant,LOG_ERR,3
constant,LOG_WARNING,4
constant,LOG_NOTICE,5
constant,LOG_INFO,6
constant,LOG_DEBUG,7
constant,LOG_KERN,0
constant,LOG_USER,8
constant,LOG_MAIL,16
constant,LOG_DAEMON,24
constant,LOG_AUTH,32
constant,LOG_SYSLOG,40
constant,LOG_LPR,48
constant,LOG_NEWS,56
constant,LOG_UUCP,64
constant,LOG_CRON,72
constant,LOG_AUTHPRIV,80
constant,LOG_LOCAL0,128
constant,LOG_LOCAL1,136
constant,LOG_LOCAL2,144
constant,LOG_LOCAL3,152
constant,LOG_LOCAL4,160
constant,LOG_LOCAL5,168
constant,LOG_LOCAL6,176
constant,LOG_LOCAL7,184
constant,LOG_PID,1
constant,LOG_CONS,2
constant,LOG_ODELAY,4
constant,LOG_NDELAY,8
constant,LOG_NOWAIT,16
constant,LOG_PERROR,32
constant,EXTR_OVERWRITE,0
constant,EXTR_SKIP,1
constant,EXTR_PREFIX_SAME,2
constant,EXTR_PREFIX_ALL,3
constant,EXTR_PREFIX_INVALID,4
constant,EXTR_PREFIX_IF_EXISTS,5
constant,EXTR_IF_EXISTS,6
constant,EXTR_REFS,256
constant,SORT_ASC,4
constant,SORT_DESC,3
constant,SORT_REGULAR,0
constant,SORT_NUMERIC,1
constant,SORT_STRING,2
constant,SORT_LOCALE_STRING,5
constant,SORT_NATURAL,6
constant,SORT_FLAG_CASE,8
constant,CASE_LOWER,0
constant,CASE_UPPER,1
constant,COUNT_NORMAL,0
constant,COUNT_RECURSIVE,1
constant,ASSERT_ACTIVE,1
constant,ASSERT_CALLBACK,2
constant,ASSERT_BAIL,3
constant,ASSERT_WARNING,4
constant,ASSERT_QUIET_EVAL,5
constant,STREAM_USE_PATH,1
constant,STREAM_IGNORE_URL,2
constant,STREAM_REPORT_ERRORS,8
constant,STREAM_MUST_SEEK,16
constant,STREAM_URL_STAT_LINK,1
constant,STREAM_URL_STAT_QUIET,2
constant,STREAM_MKDIR_RECURSIVE,1
constant,STREAM_IS_URL,1
constant,STREAM_OPTION_BLOCKING,1
constant,STREAM_OPTION_READ_TIMEOUT,4
constant,STREAM_OPTION_READ_BUFFER,2
constant,STREAM_OPTION_WRITE_BUFFER,3
constant,STREAM_BUFFER_NONE,0
constant,STREAM_BUFFER_LINE,1
constant,STREAM_BUFFER_FULL,2
constant,STREAM_CAST_AS_STREAM,0
constant,STREAM_CAST_FOR_SELECT,3
constant,STREAM_META_TOUCH,1
constant,STREAM_META_OWNER,3
constant,STREAM_META_OWNER_NAME,2
constant,STREAM_META_GROUP,5
constant,STREAM_META_GROUP_NAME,4
constant,STREAM_META_ACCESS,6
constant,IMAGETYPE_GIF,1
constant,IMAGETYPE_JPEG,2
constant,IMAGETYPE_PNG,3
constant,IMAGETYPE_SWF,4
constant,IMAGETYPE_PSD,5
constant,IMAGETYPE_BMP,6
constant,IMAGETYPE_TIFF_II,7
constant,IMAGETYPE_TIFF_MM,8
constant,IMAGETYPE_JPC,9
constant,IMAGETYPE_JP2,10
constant,IMAGETYPE_JPX,11
constant,IMAGETYPE_JB2,12
constant,IMAGETYPE_SWC,13
constant,IMAGETYPE_IFF,14
constant,IMAGETYPE_WBMP,15
constant,IMAGETYPE_JPEG2000,9
constant,IMAGETYPE_XBM,16
constant,IMAGETYPE_ICO,17
constant,IMAGETYPE_UNKNOWN,0
constant,IMAGETYPE_COUNT,18
constant,DNS_A,1
constant,DNS_NS,2
constant,DNS_CNAME,16
constant,DNS_SOA,32
constant,DNS_PTR,2048
constant,DNS_HINFO,4096
constant,DNS_MX,16384
constant,DNS_TXT,32768
constant,DNS_SRV,33554432
constant,DNS_NAPTR,67108864
constant,DNS_AAAA,134217728
constant,DNS_A6,16777216
constant,DNS_ANY,268435456
constant,DNS_ALL,251713587
constant,SOAP_1_1,1
constant,SOAP_1_2,2
constant,SOAP_PERSISTENCE_SESSION,1
constant,SOAP_PERSISTENCE_REQUEST,2
constant,SOAP_FUNCTIONS_ALL,999
constant,SOAP_ENCODED,1
constant,SOAP_LITERAL,2
constant,SOAP_RPC,1
constant,SOAP_DOCUMENT,2
constant,SOAP_ACTOR_NEXT,1
constant,SOAP_ACTOR_NONE,2
constant,SOAP_ACTOR_UNLIMATERECEIVER,3
constant,SOAP_COMPRESSION_ACCEPT,32
constant,SOAP_COMPRESSION_GZIP,0
constant,SOAP_COMPRESSION_DEFLATE,16
constant,SOAP_AUTHENTICATION_BASIC,0
constant,SOAP_AUTHENTICATION_DIGEST,1
constant,UNKNOWN_TYPE,999998
constant,XSD_STRING,101
constant,XSD_BOOLEAN,102
constant,XSD_DECIMAL,103
constant,XSD_FLOAT,104
constant,XSD_DOUBLE,105
constant,XSD_DURATION,106
constant,XSD_DATETIME,107
constant,XSD_TIME,108
constant,XSD_DATE,109
constant,XSD_GYEARMONTH,110
constant,XSD_GYEAR,111
constant,XSD_GMONTHDAY,112
constant,XSD_GDAY,113
constant,XSD_GMONTH,114
constant,XSD_HEXBINARY,115
constant,XSD_BASE64BINARY,116
constant,XSD_ANYURI,117
constant,XSD_QNAME,118
constant,XSD_NOTATION,119
constant,XSD_NORMALIZEDSTRING,120
constant,XSD_TOKEN,121
constant,XSD_LANGUAGE,122
constant,XSD_NMTOKEN,123
constant,XSD_NAME,124
constant,XSD_NCNAME,125
constant,XSD_ID,126
constant,XSD_IDREF,127
constant,XSD_IDREFS,128
constant,XSD_ENTITY,129
constant,XSD_ENTITIES,130
constant,XSD_INTEGER,131
constant,XSD_NONPOSITIVEINTEGER,132
constant,XSD_NEGATIVEINTEGER,133
constant,XSD_LONG,134
constant,XSD_INT,135
constant,XSD_SHORT,136
constant,XSD_BYTE,137
constant,XSD_NONNEGATIVEINTEGER,138
constant,XSD_UNSIGNEDLONG,139
constant,XSD_UNSIGNEDINT,140
constant,XSD_UNSIGNEDSHORT,141
constant,XSD_UNSIGNEDBYTE,142
constant,XSD_POSITIVEINTEGER,143
constant,XSD_NMTOKENS,144
constant,XSD_ANYTYPE,145
constant,XSD_ANYXML,147
constant,APACHE_MAP,200
constant,SOAP_ENC_OBJECT,301
constant,SOAP_ENC_ARRAY,300
constant,XSD_1999_TIMEINSTANT,401
constant,XSD_NAMESPACE,http://www.w3.org/2001/XMLSchema
constant,XSD_1999_NAMESPACE,http://www.w3.org/1999/XMLSchema
constant,SOAP_SINGLE_ELEMENT_ARRAYS,1
constant,SOAP_WAIT_ONE_WAY_CALLS,2
constant,SOAP_USE_XSI_ARRAY_TYPE,4
constant,WSDL_CACHE_NONE,0
constant,WSDL_CACHE_DISK,1
constant,WSDL_CACHE_MEMORY,2
constant,WSDL_CACHE_BOTH,3
constant,SOAP_SSL_METHOD_TLS,0
constant,SOAP_SSL_METHOD_SSLv2,1
constant,SOAP_SSL_METHOD_SSLv3,2
constant,SOAP_SSL_METHOD_SSLv23,3
constant,AF_UNIX,1
constant,AF_INET,2
constant,AF_INET6,10
constant,SOCK_STREAM,1
constant,SOCK_DGRAM,2
constant,SOCK_RAW,3
constant,SOCK_SEQPACKET,5
constant,SOCK_RDM,4
constant,MSG_OOB,1
constant,MSG_WAITALL,256
constant,MSG_CTRUNC,8
constant,MSG_TRUNC,32
constant,MSG_PEEK,2
constant,MSG_DONTROUTE,4
constant,MSG_EOR,128
constant,MSG_EOF,512
constant,MSG_CONFIRM,2048
constant,MSG_ERRQUEUE,8192
constant,MSG_NOSIGNAL,16384
constant,MSG_DONTWAIT,64
constant,MSG_MORE,32768
constant,MSG_WAITFORONE,65536
constant,MSG_CMSG_CLOEXEC,1073741824
constant,SO_DEBUG,1
constant,SO_REUSEADDR,2
constant,SO_REUSEPORT,15
constant,SO_KEEPALIVE,9
constant,SO_DONTROUTE,5
constant,SO_LINGER,13
constant,SO_BROADCAST,6
constant,SO_OOBINLINE,10
constant,SO_SNDBUF,7
constant,SO_RCVBUF,8
constant,SO_SNDLOWAT,19
constant,SO_RCVLOWAT,18
constant,SO_SNDTIMEO,21
constant,SO_RCVTIMEO,20
constant,SO_TYPE,3
constant,SO_ERROR,4
constant,SO_BINDTODEVICE,25
constant,SOL_SOCKET,1
constant,SOMAXCONN,128
constant,TCP_NODELAY,1
constant,PHP_NORMAL_READ,1
constant,PHP_BINARY_READ,2
constant,MCAST_JOIN_GROUP,42
constant,MCAST_LEAVE_GROUP,45
constant,MCAST_BLOCK_SOURCE,43
constant,MCAST_UNBLOCK_SOURCE,44
constant,MCAST_JOIN_SOURCE_GROUP,46
constant,MCAST_LEAVE_SOURCE_GROUP,47
constant,IP_MULTICAST_IF,32
constant,IP_MULTICAST_TTL,33
constant,IP_MULTICAST_LOOP,34
constant,IPV6_MULTICAST_IF,17
constant,IPV6_MULTICAST_HOPS,18
constant,IPV6_MULTICAST_LOOP,19
constant,SOCKET_EPERM,1
constant,SOCKET_ENOENT,2
constant,SOCKET_EINTR,4
constant,SOCKET_EIO,5
constant,SOCKET_ENXIO,6
constant,SOCKET_E2BIG,7
constant,SOCKET_EBADF,9
constant,SOCKET_EAGAIN,11
constant,SOCKET_ENOMEM,12
constant,SOCKET_EACCES,13
constant,SOCKET_EFAULT,14
constant,SOCKET_ENOTBLK,15
constant,SOCKET_EBUSY,16
constant,SOCKET_EEXIST,17
constant,SOCKET_EXDEV,18
constant,SOCKET_ENODEV,19
constant,SOCKET_ENOTDIR,20
constant,SOCKET_EISDIR,21
constant,SOCKET_EINVAL,22
constant,SOCKET_ENFILE,23
constant,SOCKET_EMFILE,24
constant,SOCKET_ENOTTY,25
constant,SOCKET_ENOSPC,28
constant,SOCKET_ESPIPE,29
constant,SOCKET_EROFS,30
constant,SOCKET_EMLINK,31
constant,SOCKET_EPIPE,32
constant,SOCKET_ENAMETOOLONG,36
constant,SOCKET_ENOLCK,37
constant,SOCKET_ENOSYS,38
constant,SOCKET_ENOTEMPTY,39
constant,SOCKET_ELOOP,40
constant,SOCKET_EWOULDBLOCK,11
constant,SOCKET_ENOMSG,42
constant,SOCKET_EIDRM,43
constant,SOCKET_ECHRNG,44
constant,SOCKET_EL2NSYNC,45
constant,SOCKET_EL3HLT,46
constant,SOCKET_EL3RST,47
constant,SOCKET_ELNRNG,48
constant,SOCKET_EUNATCH,49
constant,SOCKET_ENOCSI,50
constant,SOCKET_EL2HLT,51
constant,SOCKET_EBADE,52
constant,SOCKET_EBADR,53
constant,SOCKET_EXFULL,54
constant,SOCKET_ENOANO,55
constant,SOCKET_EBADRQC,56
constant,SOCKET_EBADSLT,57
constant,SOCKET_ENOSTR,60
constant,SOCKET_ENODATA,61
constant,SOCKET_ETIME,62
constant,SOCKET_ENOSR,63
constant,SOCKET_ENONET,64
constant,SOCKET_EREMOTE,66
constant,SOCKET_ENOLINK,67
constant,SOCKET_EADV,68
constant,SOCKET_ESRMNT,69
constant,SOCKET_ECOMM,70
constant,SOCKET_EPROTO,71
constant,SOCKET_EMULTIHOP,72
constant,SOCKET_EBADMSG,74
constant,SOCKET_ENOTUNIQ,76
constant,SOCKET_EBADFD,77
constant,SOCKET_EREMCHG,78
constant,SOCKET_ERESTART,85
constant,SOCKET_ESTRPIPE,86
constant,SOCKET_EUSERS,87
constant,SOCKET_ENOTSOCK,88
constant,SOCKET_EDESTADDRREQ,89
constant,SOCKET_EMSGSIZE,90
constant,SOCKET_EPROTOTYPE,91
constant,SOCKET_ENOPROTOOPT,92
constant,SOCKET_EPROTONOSUPPORT,93
constant,SOCKET_ESOCKTNOSUPPORT,94
constant,SOCKET_EOPNOTSUPP,95
constant,SOCKET_EPFNOSUPPORT,96
constant,SOCKET_EAFNOSUPPORT,97
constant,SOCKET_EADDRINUSE,98
constant,SOCKET_EADDRNOTAVAIL,99
constant,SOCKET_ENETDOWN,100
constant,SOCKET_ENETUNREACH,101
constant,SOCKET_ENETRESET,102
constant,SOCKET_ECONNABORTED,103
constant,SOCKET_ECONNRESET,104
constant,SOCKET_ENOBUFS,105
constant,SOCKET_EISCONN,106
constant,SOCKET_ENOTCONN,107
constant,SOCKET_ESHUTDOWN,108
constant,SOCKET_ETOOMANYREFS,109
constant,SOCKET_ETIMEDOUT,110
constant,SOCKET_ECONNREFUSED,111
constant,SOCKET_EHOSTDOWN,112
constant,SOCKET_EHOSTUNREACH,113
constant,SOCKET_EALREADY,114
constant,SOCKET_EINPROGRESS,115
constant,SOCKET_EISNAM,120
constant,SOCKET_EREMOTEIO,121
constant,SOCKET_EDQUOT,122
constant,SOCKET_ENOMEDIUM,123
constant,SOCKET_EMEDIUMTYPE,124
constant,IPPROTO_IP,0
constant,IPPROTO_IPV6,41
constant,SOL_TCP,6
constant,SOL_UDP,17
constant,IPV6_UNICAST_HOPS,16
constant,IPV6_RECVPKTINFO,49
constant,IPV6_PKTINFO,50
constant,IPV6_RECVHOPLIMIT,51
constant,IPV6_HOPLIMIT,52
constant,IPV6_RECVTCLASS,66
constant,IPV6_TCLASS,67
constant,SCM_RIGHTS,1
constant,SCM_CREDENTIALS,2
constant,SO_PASSCRED,16
constant,EXIF_USE_MBSTRING,1
constant,MSG_IPC_NOWAIT,1
constant,MSG_EAGAIN,11
constant,MSG_ENOMSG,42
constant,MSG_NOERROR,2
constant,MSG_EXCEPT,4
constant,T_REQUIRE_ONCE,258
constant,T_REQUIRE,259
constant,T_EVAL,260
constant,T_INCLUDE_ONCE,261
constant,T_INCLUDE,262
constant,T_LOGICAL_OR,263
constant,T_LOGICAL_XOR,264
constant,T_LOGICAL_AND,265
constant,T_PRINT,266
constant,T_SR_EQUAL,268
constant,T_SL_EQUAL,269
constant,T_XOR_EQUAL,270
constant,T_OR_EQUAL,271
constant,T_AND_EQUAL,272
constant,T_MOD_EQUAL,273
constant,T_CONCAT_EQUAL,274
constant,T_DIV_EQUAL,275
constant,T_MUL_EQUAL,276
constant,T_MINUS_EQUAL,277
constant,T_PLUS_EQUAL,278
constant,T_BOOLEAN_OR,279
constant,T_BOOLEAN_AND,280
constant,T_IS_NOT_IDENTICAL,281
constant,T_IS_IDENTICAL,282
constant,T_IS_NOT_EQUAL,283
constant,T_IS_EQUAL,284
constant,T_IS_GREATER_OR_EQUAL,285
constant,T_IS_SMALLER_OR_EQUAL,286
constant,T_SR,287
constant,T_SL,288
constant,T_INSTANCEOF,289
constant,T_UNSET_CAST,290
constant,T_BOOL_CAST,291
constant,T_OBJECT_CAST,292
constant,T_ARRAY_CAST,293
constant,T_STRING_CAST,294
constant,T_DOUBLE_CAST,295
constant,T_INT_CAST,296
constant,T_DEC,297
constant,T_INC,298
constant,T_CLONE,299
constant,T_NEW,300
constant,T_EXIT,301
constant,T_IF,302
constant,T_ELSEIF,303
constant,T_ELSE,304
constant,T_ENDIF,305
constant,T_LNUMBER,306
constant,T_DNUMBER,307
constant,T_STRING,308
constant,T_STRING_VARNAME,309
constant,T_VARIABLE,310
constant,T_NUM_STRING,311
constant,T_INLINE_HTML,312
constant,T_CHARACTER,313
constant,T_BAD_CHARACTER,314
constant,T_ENCAPSED_AND_WHITESPACE,315
constant,T_CONSTANT_ENCAPSED_STRING,316
constant,T_ECHO,317
constant,T_DO,318
constant,T_WHILE,319
constant,T_ENDWHILE,320
constant,T_FOR,321
constant,T_ENDFOR,322
constant,T_FOREACH,323
constant,T_ENDFOREACH,324
constant,T_DECLARE,325
constant,T_ENDDECLARE,326
constant,T_AS,327
constant,T_SWITCH,328
constant,T_ENDSWITCH,329
constant,T_CASE,330
constant,T_DEFAULT,331
constant,T_BREAK,332
constant,T_CONTINUE,333
constant,T_GOTO,334
constant,T_FUNCTION,335
constant,T_CONST,336
constant,T_RETURN,337
constant,T_YIELD,267
constant,T_TRY,338
constant,T_CATCH,339
constant,T_FINALLY,340
constant,T_THROW,341
constant,T_USE,342
constant,T_INSTEADOF,343
constant,T_GLOBAL,344
constant,T_PUBLIC,345
constant,T_PROTECTED,346
constant,T_PRIVATE,347
constant,T_FINAL,348
constant,T_ABSTRACT,349
constant,T_STATIC,350
constant,T_VAR,351
constant,T_UNSET,352
constant,T_ISSET,353
constant,T_EMPTY,354
constant,T_HALT_COMPILER,355
constant,T_CLASS,356
constant,T_TRAIT,357
constant,T_INTERFACE,358
constant,T_EXTENDS,359
constant,T_IMPLEMENTS,360
constant,T_OBJECT_OPERATOR,361
constant,T_DOUBLE_ARROW,362
constant,T_LIST,363
constant,T_ARRAY,364
constant,T_CALLABLE,365
constant,T_CLASS_C,366
constant,T_TRAIT_C,367
constant,T_METHOD_C,368
constant,T_FUNC_C,369
constant,T_LINE,370
constant,T_FILE,371
constant,T_COMMENT,372
constant,T_DOC_COMMENT,373
constant,T_OPEN_TAG,374
constant,T_OPEN_TAG_WITH_ECHO,375
constant,T_CLOSE_TAG,376
constant,T_WHITESPACE,377
constant,T_START_HEREDOC,378
constant,T_END_HEREDOC,379
constant,T_DOLLAR_OPEN_CURLY_BRACES,380
constant,T_CURLY_OPEN,381
constant,T_PAAMAYIM_NEKUDOTAYIM,382
constant,T_NAMESPACE,383
constant,T_NS_C,384
constant,T_DIR,385
constant,T_NS_SEPARATOR,386
constant,T_DOUBLE_COLON,382
constant,XML_ERROR_NONE,0
constant,XML_ERROR_NO_MEMORY,1
constant,XML_ERROR_SYNTAX,2
constant,XML_ERROR_NO_ELEMENTS,3
constant,XML_ERROR_INVALID_TOKEN,4
constant,XML_ERROR_UNCLOSED_TOKEN,5
constant,XML_ERROR_PARTIAL_CHAR,6
constant,XML_ERROR_TAG_MISMATCH,7
constant,XML_ERROR_DUPLICATE_ATTRIBUTE,8
constant,XML_ERROR_JUNK_AFTER_DOC_ELEMENT,9
constant,XML_ERROR_PARAM_ENTITY_REF,10
constant,XML_ERROR_UNDEFINED_ENTITY,11
constant,XML_ERROR_RECURSIVE_ENTITY_REF,12
constant,XML_ERROR_ASYNC_ENTITY,13
constant,XML_ERROR_BAD_CHAR_REF,14
constant,XML_ERROR_BINARY_ENTITY_REF,15
constant,XML_ERROR_ATTRIBUTE_EXTERNAL_ENTITY_REF,16
constant,XML_ERROR_MISPLACED_XML_PI,17
constant,XML_ERROR_UNKNOWN_ENCODING,18
constant,XML_ERROR_INCORRECT_ENCODING,19
constant,XML_ERROR_UNCLOSED_CDATA_SECTION,20
constant,XML_ERROR_EXTERNAL_ENTITY_HANDLING,21
constant,XML_OPTION_CASE_FOLDING,1
constant,XML_OPTION_TARGET_ENCODING,2
constant,XML_OPTION_SKIP_TAGSTART,3
constant,XML_OPTION_SKIP_WHITE,4
constant,XML_SAX_IMPL,libxml
constant,CURLOPT_AUTOREFERER,58
constant,CURLOPT_BINARYTRANSFER,19914
constant,CURLOPT_BUFFERSIZE,98
constant,CURLOPT_CAINFO,10065
constant,CURLOPT_CAPATH,10097
constant,CURLOPT_CLOSEPOLICY,72
constant,CURLOPT_CONNECTTIMEOUT,78
constant,CURLOPT_COOKIE,10022
constant,CURLOPT_COOKIEFILE,10031
constant,CURLOPT_COOKIEJAR,10082
constant,CURLOPT_COOKIESESSION,96
constant,CURLOPT_CRLF,27
constant,CURLOPT_CUSTOMREQUEST,10036
constant,CURLOPT_DNS_CACHE_TIMEOUT,92
constant,CURLOPT_DNS_USE_GLOBAL_CACHE,91
constant,CURLOPT_EGDSOCKET,10077
constant,CURLOPT_ENCODING,10102
constant,CURLOPT_FAILONERROR,45
constant,CURLOPT_FILE,10001
constant,CURLOPT_FILETIME,69
constant,CURLOPT_FOLLOWLOCATION,52
constant,CURLOPT_FORBID_REUSE,75
constant,CURLOPT_FRESH_CONNECT,74
constant,CURLOPT_FTPAPPEND,50
constant,CURLOPT_FTPLISTONLY,48
constant,CURLOPT_FTPPORT,10017
constant,CURLOPT_FTP_USE_EPRT,106
constant,CURLOPT_FTP_USE_EPSV,85
constant,CURLOPT_HEADER,42
constant,CURLOPT_HEADERFUNCTION,20079
constant,CURLOPT_HTTP200ALIASES,10104
constant,CURLOPT_HTTPGET,80
constant,CURLOPT_HTTPHEADER,10023
constant,CURLOPT_HTTPPROXYTUNNEL,61
constant,CURLOPT_HTTP_VERSION,84
constant,CURLOPT_INFILE,10009
constant,CURLOPT_INFILESIZE,14
constant,CURLOPT_INTERFACE,10062
constant,CURLOPT_KRB4LEVEL,10063
constant,CURLOPT_LOW_SPEED_LIMIT,19
constant,CURLOPT_LOW_SPEED_TIME,20
constant,CURLOPT_MAXCONNECTS,71
constant,CURLOPT_MAXREDIRS,68
constant,CURLOPT_NETRC,51
constant,CURLOPT_NOBODY,44
constant,CURLOPT_NOPROGRESS,43
constant,CURLOPT_NOSIGNAL,99
constant,CURLOPT_PORT,3
constant,CURLOPT_POST,47
constant,CURLOPT_POSTFIELDS,10015
constant,CURLOPT_POSTQUOTE,10039
constant,CURLOPT_PREQUOTE,10093
constant,CURLOPT_PRIVATE,10103
constant,CURLOPT_PROGRESSFUNCTION,20056
constant,CURLOPT_PROXY,10004
constant,CURLOPT_PROXYPORT,59
constant,CURLOPT_PROXYTYPE,101
constant,CURLOPT_PROXYUSERPWD,10006
constant,CURLOPT_PUT,54
constant,CURLOPT_QUOTE,10028
constant,CURLOPT_RANDOM_FILE,10076
constant,CURLOPT_RANGE,10007
constant,CURLOPT_READDATA,10009
constant,CURLOPT_READFUNCTION,20012
constant,CURLOPT_REFERER,10016
constant,CURLOPT_RESUME_FROM,21
constant,CURLOPT_RETURNTRANSFER,19913
constant,CURLOPT_SHARE,10100
constant,CURLOPT_SSLCERT,10025
constant,CURLOPT_SSLCERTPASSWD,10026
constant,CURLOPT_SSLCERTTYPE,10086
constant,CURLOPT_SSLENGINE,10089
constant,CURLOPT_SSLENGINE_DEFAULT,90
constant,CURLOPT_SSLKEY,10087
constant,CURLOPT_SSLKEYPASSWD,10026
constant,CURLOPT_SSLKEYTYPE,10088
constant,CURLOPT_SSLVERSION,32
constant,CURLOPT_SSL_CIPHER_LIST,10083
constant,CURLOPT_SSL_VERIFYHOST,81
constant,CURLOPT_SSL_VERIFYPEER,64
constant,CURLOPT_STDERR,10037
constant,CURLOPT_TELNETOPTIONS,10070
constant,CURLOPT_TIMECONDITION,33
constant,CURLOPT_TIMEOUT,13
constant,CURLOPT_TIMEVALUE,34
constant,CURLOPT_TRANSFERTEXT,53
constant,CURLOPT_UNRESTRICTED_AUTH,105
constant,CURLOPT_UPLOAD,46
constant,CURLOPT_URL,10002
constant,CURLOPT_USERAGENT,10018
constant,CURLOPT_USERPWD,10005
constant,CURLOPT_VERBOSE,41
constant,CURLOPT_WRITEFUNCTION,20011
constant,CURLOPT_WRITEHEADER,10029
constant,CURLCLOSEPOLICY_CALLBACK,5
constant,CURLCLOSEPOLICY_LEAST_RECENTLY_USED,2
constant,CURLCLOSEPOLICY_LEAST_TRAFFIC,3
constant,CURLCLOSEPOLICY_OLDEST,1
constant,CURLCLOSEPOLICY_SLOWEST,4
constant,CURLE_ABORTED_BY_CALLBACK,42
constant,CURLE_BAD_CALLING_ORDER,44
constant,CURLE_BAD_CONTENT_ENCODING,61
constant,CURLE_BAD_DOWNLOAD_RESUME,36
constant,CURLE_BAD_FUNCTION_ARGUMENT,43
constant,CURLE_BAD_PASSWORD_ENTERED,46
constant,CURLE_COULDNT_CONNECT,7
constant,CURLE_COULDNT_RESOLVE_HOST,6
constant,CURLE_COULDNT_RESOLVE_PROXY,5
constant,CURLE_FAILED_INIT,2
constant,CURLE_FILE_COULDNT_READ_FILE,37
constant,CURLE_FTP_ACCESS_DENIED,9
constant,CURLE_FTP_BAD_DOWNLOAD_RESUME,36
constant,CURLE_FTP_CANT_GET_HOST,15
constant,CURLE_FTP_CANT_RECONNECT,16
constant,CURLE_FTP_COULDNT_GET_SIZE,32
constant,CURLE_FTP_COULDNT_RETR_FILE,19
constant,CURLE_FTP_COULDNT_SET_ASCII,29
constant,CURLE_FTP_COULDNT_SET_BINARY,17
constant,CURLE_FTP_COULDNT_STOR_FILE,25
constant,CURLE_FTP_COULDNT_USE_REST,31
constant,CURLE_FTP_PARTIAL_FILE,18
constant,CURLE_FTP_PORT_FAILED,30
constant,CURLE_FTP_QUOTE_ERROR,21
constant,CURLE_FTP_USER_PASSWORD_INCORRECT,10
constant,CURLE_FTP_WEIRD_227_FORMAT,14
constant,CURLE_FTP_WEIRD_PASS_REPLY,11
constant,CURLE_FTP_WEIRD_PASV_REPLY,13
constant,CURLE_FTP_WEIRD_SERVER_REPLY,8
constant,CURLE_FTP_WEIRD_USER_REPLY,12
constant,CURLE_FTP_WRITE_ERROR,20
constant,CURLE_FUNCTION_NOT_FOUND,41
constant,CURLE_GOT_NOTHING,52
constant,CURLE_HTTP_NOT_FOUND,22
constant,CURLE_HTTP_PORT_FAILED,45
constant,CURLE_HTTP_POST_ERROR,34
constant,CURLE_HTTP_RANGE_ERROR,33
constant,CURLE_HTTP_RETURNED_ERROR,22
constant,CURLE_LDAP_CANNOT_BIND,38
constant,CURLE_LDAP_SEARCH_FAILED,39
constant,CURLE_LIBRARY_NOT_FOUND,40
constant,CURLE_MALFORMAT_USER,24
constant,CURLE_OBSOLETE,50
constant,CURLE_OK,0
constant,CURLE_OPERATION_TIMEDOUT,28
constant,CURLE_OPERATION_TIMEOUTED,28
constant,CURLE_OUT_OF_MEMORY,27
constant,CURLE_PARTIAL_FILE,18
constant,CURLE_READ_ERROR,26
constant,CURLE_RECV_ERROR,56
constant,CURLE_SEND_ERROR,55
constant,CURLE_SHARE_IN_USE,57
constant,CURLE_SSL_CACERT,60
constant,CURLE_SSL_CERTPROBLEM,58
constant,CURLE_SSL_CIPHER,59
constant,CURLE_SSL_CONNECT_ERROR,35
constant,CURLE_SSL_ENGINE_NOTFOUND,53
constant,CURLE_SSL_ENGINE_SETFAILED,54
constant,CURLE_SSL_PEER_CERTIFICATE,51
constant,CURLE_TELNET_OPTION_SYNTAX,49
constant,CURLE_TOO_MANY_REDIRECTS,47
constant,CURLE_UNKNOWN_TELNET_OPTION,48
constant,CURLE_UNSUPPORTED_PROTOCOL,1
constant,CURLE_URL_MALFORMAT,3
constant,CURLE_URL_MALFORMAT_USER,4
constant,CURLE_WRITE_ERROR,23
constant,CURLINFO_CONNECT_TIME,3145733
constant,CURLINFO_CONTENT_LENGTH_DOWNLOAD,3145743
constant,CURLINFO_CONTENT_LENGTH_UPLOAD,3145744
constant,CURLINFO_CONTENT_TYPE,1048594
constant,CURLINFO_EFFECTIVE_URL,1048577
constant,CURLINFO_FILETIME,2097166
constant,CURLINFO_HEADER_OUT,2
constant,CURLINFO_HEADER_SIZE,2097163
constant,CURLINFO_HTTP_CODE,2097154
constant,CURLINFO_LASTONE,43
constant,CURLINFO_NAMELOOKUP_TIME,3145732
constant,CURLINFO_PRETRANSFER_TIME,3145734
constant,CURLINFO_PRIVATE,1048597
constant,CURLINFO_REDIRECT_COUNT,2097172
constant,CURLINFO_REDIRECT_TIME,3145747
constant,CURLINFO_REQUEST_SIZE,2097164
constant,CURLINFO_SIZE_DOWNLOAD,3145736
constant,CURLINFO_SIZE_UPLOAD,3145735
constant,CURLINFO_SPEED_DOWNLOAD,3145737
constant,CURLINFO_SPEED_UPLOAD,3145738
constant,CURLINFO_SSL_VERIFYRESULT,2097165
constant,CURLINFO_STARTTRANSFER_TIME,3145745
constant,CURLINFO_TOTAL_TIME,3145731
constant,CURLMSG_DONE,1
constant,CURLVERSION_NOW,3
constant,CURLM_BAD_EASY_HANDLE,2
constant,CURLM_BAD_HANDLE,1
constant,CURLM_CALL_MULTI_PERFORM,-1
constant,CURLM_INTERNAL_ERROR,4
constant,CURLM_OK,0
constant,CURLM_OUT_OF_MEMORY,3
constant,CURLPROXY_HTTP,0
constant,CURLPROXY_SOCKS4,4
constant,CURLPROXY_SOCKS5,5
constant,CURLSHOPT_NONE,0
constant,CURLSHOPT_SHARE,1
constant,CURLSHOPT_UNSHARE,2
constant,CURL_HTTP_VERSION_1_0,1
constant,CURL_HTTP_VERSION_1_1,2
constant,CURL_HTTP_VERSION_NONE,0
constant,CURL_LOCK_DATA_COOKIE,2
constant,CURL_LOCK_DATA_DNS,3
constant,CURL_LOCK_DATA_SSL_SESSION,4
constant,CURL_NETRC_IGNORED,0
constant,CURL_NETRC_OPTIONAL,1
constant,CURL_NETRC_REQUIRED,2
constant,CURL_SSLVERSION_DEFAULT,0
constant,CURL_SSLVERSION_SSLv2,2
constant,CURL_SSLVERSION_SSLv3,3
constant,CURL_SSLVERSION_TLSv1,1
constant,CURL_TIMECOND_IFMODSINCE,1
constant,CURL_TIMECOND_IFUNMODSINCE,2
constant,CURL_TIMECOND_LASTMOD,3
constant,CURL_TIMECOND_NONE,0
constant,CURL_VERSION_IPV6,1
constant,CURL_VERSION_KERBEROS4,2
constant,CURL_VERSION_LIBZ,8
constant,CURL_VERSION_SSL,4
constant,CURLOPT_HTTPAUTH,107
constant,CURLAUTH_ANY,-17
constant,CURLAUTH_ANYSAFE,-18
constant,CURLAUTH_BASIC,1
constant,CURLAUTH_DIGEST,2
constant,CURLAUTH_GSSNEGOTIATE,4
constant,CURLAUTH_NONE,0
constant,CURLAUTH_NTLM,8
constant,CURLINFO_HTTP_CONNECTCODE,2097174
constant,CURLOPT_FTP_CREATE_MISSING_DIRS,110
constant,CURLOPT_PROXYAUTH,111
constant,CURLE_FILESIZE_EXCEEDED,63
constant,CURLE_LDAP_INVALID_URL,62
constant,CURLINFO_HTTPAUTH_AVAIL,2097175
constant,CURLINFO_RESPONSE_CODE,2097154
constant,CURLINFO_PROXYAUTH_AVAIL,2097176
constant,CURLOPT_FTP_RESPONSE_TIMEOUT,112
constant,CURLOPT_IPRESOLVE,113
constant,CURLOPT_MAXFILESIZE,114
constant,CURL_IPRESOLVE_V4,1
constant,CURL_IPRESOLVE_V6,2
constant,CURL_IPRESOLVE_WHATEVER,0
constant,CURLE_FTP_SSL_FAILED,64
constant,CURLFTPSSL_ALL,3
constant,CURLFTPSSL_CONTROL,2
constant,CURLFTPSSL_NONE,0
constant,CURLFTPSSL_TRY,1
constant,CURLOPT_FTP_SSL,119
constant,CURLOPT_NETRC_FILE,10118
constant,CURLFTPAUTH_DEFAULT,0
constant,CURLFTPAUTH_SSL,1
constant,CURLFTPAUTH_TLS,2
constant,CURLOPT_FTPSSLAUTH,129
constant,CURLOPT_FTP_ACCOUNT,10134
constant,CURLOPT_TCP_NODELAY,121
constant,CURLINFO_OS_ERRNO,2097177
constant,CURLINFO_NUM_CONNECTS,2097178
constant,CURLINFO_SSL_ENGINES,4194331
constant,CURLINFO_COOKIELIST,4194332
constant,CURLOPT_COOKIELIST,10135
constant,CURLOPT_IGNORE_CONTENT_LENGTH,136
constant,CURLOPT_FTP_SKIP_PASV_IP,137
constant,CURLOPT_FTP_FILEMETHOD,138
constant,CURLOPT_CONNECT_ONLY,141
constant,CURLOPT_LOCALPORT,139
constant,CURLOPT_LOCALPORTRANGE,140
constant,CURLFTPMETHOD_MULTICWD,1
constant,CURLFTPMETHOD_NOCWD,2
constant,CURLFTPMETHOD_SINGLECWD,3
constant,CURLINFO_FTP_ENTRY_PATH,1048606
constant,CURLOPT_FTP_ALTERNATIVE_TO_USER,10147
constant,CURLOPT_MAX_RECV_SPEED_LARGE,30146
constant,CURLOPT_MAX_SEND_SPEED_LARGE,30145
constant,CURLOPT_SSL_SESSIONID_CACHE,150
constant,CURLMOPT_PIPELINING,3
constant,CURLE_SSH,79
constant,CURLOPT_FTP_SSL_CCC,154
constant,CURLOPT_SSH_AUTH_TYPES,151
constant,CURLOPT_SSH_PRIVATE_KEYFILE,10153
constant,CURLOPT_SSH_PUBLIC_KEYFILE,10152
constant,CURLFTPSSL_CCC_ACTIVE,2
constant,CURLFTPSSL_CCC_NONE,0
constant,CURLFTPSSL_CCC_PASSIVE,1
constant,CURLOPT_CONNECTTIMEOUT_MS,156
constant,CURLOPT_HTTP_CONTENT_DECODING,158
constant,CURLOPT_HTTP_TRANSFER_DECODING,157
constant,CURLOPT_TIMEOUT_MS,155
constant,CURLMOPT_MAXCONNECTS,6
constant,CURLOPT_KRBLEVEL,10063
constant,CURLOPT_NEW_DIRECTORY_PERMS,160
constant,CURLOPT_NEW_FILE_PERMS,159
constant,CURLOPT_APPEND,50
constant,CURLOPT_DIRLISTONLY,48
constant,CURLOPT_USE_SSL,119
constant,CURLUSESSL_ALL,3
constant,CURLUSESSL_CONTROL,2
constant,CURLUSESSL_NONE,0
constant,CURLUSESSL_TRY,1
constant,CURLOPT_SSH_HOST_PUBLIC_KEY_MD5,10162
constant,CURLOPT_PROXY_TRANSFER_MODE,166
constant,CURLPAUSE_ALL,5
constant,CURLPAUSE_CONT,0
constant,CURLPAUSE_RECV,1
constant,CURLPAUSE_RECV_CONT,0
constant,CURLPAUSE_SEND,4
constant,CURLPAUSE_SEND_CONT,0
constant,CURL_READFUNC_PAUSE,268435457
constant,CURL_WRITEFUNC_PAUSE,268435457
constant,CURLINFO_REDIRECT_URL,1048607
constant,CURLINFO_APPCONNECT_TIME,3145761
constant,CURLINFO_PRIMARY_IP,1048608
constant,CURLOPT_ADDRESS_SCOPE,171
constant,CURLOPT_CRLFILE,10169
constant,CURLOPT_ISSUERCERT,10170
constant,CURLOPT_KEYPASSWD,10026
constant,CURLSSH_AUTH_ANY,-1
constant,CURLSSH_AUTH_DEFAULT,-1
constant,CURLSSH_AUTH_HOST,4
constant,CURLSSH_AUTH_KEYBOARD,8
constant,CURLSSH_AUTH_NONE,0
constant,CURLSSH_AUTH_PASSWORD,2
constant,CURLSSH_AUTH_PUBLICKEY,1
constant,CURLINFO_CERTINFO,4194338
constant,CURLOPT_CERTINFO,172
constant,CURLOPT_PASSWORD,10174
constant,CURLOPT_POSTREDIR,161
constant,CURLOPT_PROXYPASSWORD,10176
constant,CURLOPT_PROXYUSERNAME,10175
constant,CURLOPT_USERNAME,10173
constant,CURLAUTH_DIGEST_IE,16
constant,CURLINFO_CONDITION_UNMET,2097187
constant,CURLOPT_NOPROXY,10177
constant,CURLOPT_PROTOCOLS,181
constant,CURLOPT_REDIR_PROTOCOLS,182
constant,CURLOPT_SOCKS5_GSSAPI_NEC,180
constant,CURLOPT_SOCKS5_GSSAPI_SERVICE,10179
constant,CURLOPT_TFTP_BLKSIZE,178
constant,CURLPROTO_ALL,-1
constant,CURLPROTO_DICT,512
constant,CURLPROTO_FILE,1024
constant,CURLPROTO_FTP,4
constant,CURLPROTO_FTPS,8
constant,CURLPROTO_HTTP,1
constant,CURLPROTO_HTTPS,2
constant,CURLPROTO_LDAP,128
constant,CURLPROTO_LDAPS,256
constant,CURLPROTO_SCP,16
constant,CURLPROTO_SFTP,32
constant,CURLPROTO_TELNET,64
constant,CURLPROTO_TFTP,2048
constant,CURLOPT_SSH_KNOWNHOSTS,10183
constant,CURLINFO_RTSP_CLIENT_CSEQ,2097189
constant,CURLINFO_RTSP_CSEQ_RECV,2097191
constant,CURLINFO_RTSP_SERVER_CSEQ,2097190
constant,CURLINFO_RTSP_SESSION_ID,1048612
constant,CURLOPT_FTP_USE_PRET,188
constant,CURLOPT_MAIL_FROM,10186
constant,CURLOPT_MAIL_RCPT,10187
constant,CURLOPT_RTSP_CLIENT_CSEQ,193
constant,CURLOPT_RTSP_REQUEST,189
constant,CURLOPT_RTSP_SERVER_CSEQ,194
constant,CURLOPT_RTSP_SESSION_ID,10190
constant,CURLOPT_RTSP_STREAM_URI,10191
constant,CURLOPT_RTSP_TRANSPORT,10192
constant,CURLPROTO_IMAP,4096
constant,CURLPROTO_IMAPS,8192
constant,CURLPROTO_POP3,16384
constant,CURLPROTO_POP3S,32768
constant,CURLPROTO_RTSP,262144
constant,CURLPROTO_SMTP,65536
constant,CURLPROTO_SMTPS,131072
constant,CURL_RTSPREQ_ANNOUNCE,3
constant,CURL_RTSPREQ_DESCRIBE,2
constant,CURL_RTSPREQ_GET_PARAMETER,8
constant,CURL_RTSPREQ_OPTIONS,1
constant,CURL_RTSPREQ_PAUSE,6
constant,CURL_RTSPREQ_PLAY,5
constant,CURL_RTSPREQ_RECEIVE,11
constant,CURL_RTSPREQ_RECORD,10
constant,CURL_RTSPREQ_SETUP,4
constant,CURL_RTSPREQ_SET_PARAMETER,9
constant,CURL_RTSPREQ_TEARDOWN,7
constant,CURLINFO_LOCAL_IP,1048617
constant,CURLINFO_LOCAL_PORT,2097194
constant,CURLINFO_PRIMARY_PORT,2097192
constant,CURLOPT_FNMATCH_FUNCTION,20200
constant,CURLOPT_WILDCARDMATCH,197
constant,CURLPROTO_RTMP,524288
constant,CURLPROTO_RTMPE,2097152
constant,CURLPROTO_RTMPS,8388608
constant,CURLPROTO_RTMPT,1048576
constant,CURLPROTO_RTMPTE,4194304
constant,CURLPROTO_RTMPTS,16777216
constant,CURL_FNMATCHFUNC_FAIL,2
constant,CURL_FNMATCHFUNC_MATCH,0
constant,CURL_FNMATCHFUNC_NOMATCH,1
constant,CURLPROTO_GOPHER,33554432
constant,CURLAUTH_ONLY,2147483648
constant,CURLOPT_RESOLVE,10203
constant,CURLOPT_TLSAUTH_PASSWORD,10205
constant,CURLOPT_TLSAUTH_TYPE,10206
constant,CURLOPT_TLSAUTH_USERNAME,10204
constant,CURL_TLSAUTH_SRP,1
constant,CURLOPT_ACCEPT_ENCODING,10102
constant,CURLOPT_TRANSFER_ENCODING,207
constant,CURLGSSAPI_DELEGATION_FLAG,2
constant,CURLGSSAPI_DELEGATION_POLICY_FLAG,1
constant,CURLOPT_GSSAPI_DELEGATION,210
constant,CURLOPT_ACCEPTTIMEOUT_MS,212
constant,CURLOPT_DNS_SERVERS,10211
constant,CURLOPT_MAIL_AUTH,10217
constant,CURLOPT_SSL_OPTIONS,216
constant,CURLOPT_TCP_KEEPALIVE,213
constant,CURLOPT_TCP_KEEPIDLE,214
constant,CURLOPT_TCP_KEEPINTVL,215
constant,CURLSSLOPT_ALLOW_BEAST,1
constant,CURLOPT_SAFE_UPLOAD,-1
constant,IMG_GIF,1
constant,IMG_JPG,2
constant,IMG_JPEG,2
constant,IMG_PNG,4
constant,IMG_WBMP,8
constant,IMG_XPM,16
constant,IMG_COLOR_TILED,-5
constant,IMG_COLOR_STYLED,-2
constant,IMG_COLOR_BRUSHED,-3
constant,IMG_COLOR_STYLEDBRUSHED,-4
constant,IMG_COLOR_TRANSPARENT,-6
constant,IMG_ARC_ROUNDED,0
constant,IMG_ARC_PIE,0
constant,IMG_ARC_CHORD,1
constant,IMG_ARC_NOFILL,2
constant,IMG_ARC_EDGED,4
constant,IMG_GD2_RAW,1
constant,IMG_GD2_COMPRESSED,2
constant,IMG_FLIP_HORIZONTAL,1
constant,IMG_FLIP_VERTICAL,2
constant,IMG_FLIP_BOTH,3
constant,IMG_EFFECT_REPLACE,0
constant,IMG_EFFECT_ALPHABLEND,1
constant,IMG_EFFECT_NORMAL,2
constant,IMG_EFFECT_OVERLAY,3
constant,IMG_CROP_DEFAULT,0
constant,IMG_CROP_TRANSPARENT,1
constant,IMG_CROP_BLACK,2
constant,IMG_CROP_WHITE,3
constant,IMG_CROP_SIDES,4
constant,IMG_CROP_THRESHOLD,5
constant,IMG_BELL,1
constant,IMG_BESSEL,2
constant,IMG_BILINEAR_FIXED,3
constant,IMG_BICUBIC,4
constant,IMG_BICUBIC_FIXED,5
constant,IMG_BLACKMAN,6
constant,IMG_BOX,7
constant,IMG_BSPLINE,8
constant,IMG_CATMULLROM,9
constant,IMG_GAUSSIAN,10
constant,IMG_GENERALIZED_CUBIC,11
constant,IMG_HERMITE,12
constant,IMG_HAMMING,13
constant,IMG_HANNING,14
constant,IMG_MITCHELL,15
constant,IMG_POWER,17
constant,IMG_QUADRATIC,18
constant,IMG_SINC,19
constant,IMG_NEAREST_NEIGHBOUR,16
constant,IMG_WEIGHTED4,21
constant,IMG_TRIANGLE,20
constant,IMG_AFFINE_TRANSLATE,0
constant,IMG_AFFINE_SCALE,1
constant,IMG_AFFINE_ROTATE,2
constant,IMG_AFFINE_SHEAR_HORIZONTAL,3
constant,IMG_AFFINE_SHEAR_VERTICAL,4
constant,GD_BUNDLED,0
constant,IMG_FILTER_NEGATE,0
constant,IMG_FILTER_GRAYSCALE,1
constant,IMG_FILTER_BRIGHTNESS,2
constant,IMG_FILTER_CONTRAST,3
constant,IMG_FILTER_COLORIZE,4
constant,IMG_FILTER_EDGEDETECT,5
constant,IMG_FILTER_GAUSSIAN_BLUR,7
constant,IMG_FILTER_SELECTIVE_BLUR,8
constant,IMG_FILTER_EMBOSS,6
constant,IMG_FILTER_MEAN_REMOVAL,9
constant,IMG_FILTER_SMOOTH,10
constant,IMG_FILTER_PIXELATE,11
constant,GD_VERSION,2.1.1-dev
constant,GD_MAJOR_VERSION,2
constant,GD_MINOR_VERSION,1
constant,GD_RELEASE_VERSION,0
constant,GD_EXTRA_VERSION,dev
constant,PNG_NO_FILTER,0
constant,PNG_FILTER_NONE,8
constant,PNG_FILTER_SUB,16
constant,PNG_FILTER_UP,32
constant,PNG_FILTER_AVG,64
constant,PNG_FILTER_PAETH,128
constant,PNG_ALL_FILTERS,248
constant,JSON_HEX_TAG,1
constant,JSON_HEX_AMP,2
constant,JSON_HEX_APOS,4
constant,JSON_HEX_QUOT,8
constant,JSON_FORCE_OBJECT,16
constant,JSON_NUMERIC_CHECK,32
constant,JSON_UNESCAPED_SLASHES,64
constant,JSON_PRETTY_PRINT,128
constant,JSON_UNESCAPED_UNICODE,256
constant,JSON_PARTIAL_OUTPUT_ON_ERROR,512
constant,JSON_ERROR_STATE_MISMATCH,2
constant,JSON_ERROR_CTRL_CHAR,3
constant,JSON_ERROR_UTF8,5
constant,JSON_ERROR_RECURSION,6
constant,JSON_ERROR_INF_OR_NAN,7
constant,JSON_ERROR_UNSUPPORTED_TYPE,8
constant,JSON_ERROR_NONE,0
constant,JSON_ERROR_DEPTH,1
constant,JSON_ERROR_SYNTAX,4
constant,JSON_OBJECT_AS_ARRAY,1
constant,JSON_PARSER_NOTSTRICT,4
constant,JSON_BIGINT_AS_STRING,2
constant,JSON_C_BUNDLED,1
constant,JSON_C_VERSION,0.11
constant,LDAP_DEREF_NEVER,0
constant,LDAP_DEREF_SEARCHING,1
constant,LDAP_DEREF_FINDING,2
constant,LDAP_DEREF_ALWAYS,3
constant,LDAP_OPT_DEREF,2
constant,LDAP_OPT_SIZELIMIT,3
constant,LDAP_OPT_TIMELIMIT,4
constant,LDAP_OPT_NETWORK_TIMEOUT,20485
constant,LDAP_OPT_PROTOCOL_VERSION,17
constant,LDAP_OPT_ERROR_NUMBER,49
constant,LDAP_OPT_REFERRALS,8
constant,LDAP_OPT_RESTART,9
constant,LDAP_OPT_HOST_NAME,48
constant,LDAP_OPT_ERROR_STRING,50
constant,LDAP_OPT_MATCHED_DN,51
constant,LDAP_OPT_SERVER_CONTROLS,18
constant,LDAP_OPT_CLIENT_CONTROLS,19
constant,LDAP_OPT_DEBUG_LEVEL,20481
constant,LDAP_OPT_X_SASL_MECH,24832
constant,LDAP_OPT_X_SASL_REALM,24833
constant,LDAP_OPT_X_SASL_AUTHCID,24834
constant,LDAP_OPT_X_SASL_AUTHZID,24835
constant,MYSQL_ASSOC,1
constant,MYSQL_NUM,2
constant,MYSQL_BOTH,3
constant,MYSQL_CLIENT_COMPRESS,32
constant,MYSQL_CLIENT_SSL,2048
constant,MYSQL_CLIENT_INTERACTIVE,1024
constant,MYSQL_CLIENT_IGNORE_SPACE,256
constant,MYSQLI_READ_DEFAULT_GROUP,5
constant,MYSQLI_READ_DEFAULT_FILE,4
constant,MYSQLI_OPT_CONNECT_TIMEOUT,0
constant,MYSQLI_OPT_LOCAL_INFILE,8
constant,MYSQLI_INIT_COMMAND,3
constant,MYSQLI_OPT_SSL_VERIFY_SERVER_CERT,21
constant,MYSQLI_CLIENT_SSL,2048
constant,MYSQLI_CLIENT_COMPRESS,32
constant,MYSQLI_CLIENT_INTERACTIVE,1024
constant,MYSQLI_CLIENT_IGNORE_SPACE,256
constant,MYSQLI_CLIENT_NO_SCHEMA,16
constant,MYSQLI_CLIENT_FOUND_ROWS,2
constant,MYSQLI_STORE_RESULT,0
constant,MYSQLI_USE_RESULT,1
constant,MYSQLI_ASSOC,1
constant,MYSQLI_NUM,2
constant,MYSQLI_BOTH,3
constant,MYSQLI_STMT_ATTR_UPDATE_MAX_LENGTH,0
constant,MYSQLI_STMT_ATTR_CURSOR_TYPE,1
constant,MYSQLI_CURSOR_TYPE_NO_CURSOR,0
constant,MYSQLI_CURSOR_TYPE_READ_ONLY,1
constant,MYSQLI_CURSOR_TYPE_FOR_UPDATE,2
constant,MYSQLI_CURSOR_TYPE_SCROLLABLE,4
constant,MYSQLI_STMT_ATTR_PREFETCH_ROWS,2
constant,MYSQLI_NOT_NULL_FLAG,1
constant,MYSQLI_PRI_KEY_FLAG,2
constant,MYSQLI_UNIQUE_KEY_FLAG,4
constant,MYSQLI_MULTIPLE_KEY_FLAG,8
constant,MYSQLI_BLOB_FLAG,16
constant,MYSQLI_UNSIGNED_FLAG,32
constant,MYSQLI_ZEROFILL_FLAG,64
constant,MYSQLI_AUTO_INCREMENT_FLAG,512
constant,MYSQLI_TIMESTAMP_FLAG,1024
constant,MYSQLI_SET_FLAG,2048
constant,MYSQLI_NUM_FLAG,32768
constant,MYSQLI_PART_KEY_FLAG,16384
constant,MYSQLI_GROUP_FLAG,32768
constant,MYSQLI_ENUM_FLAG,256
constant,MYSQLI_BINARY_FLAG,128
constant,MYSQLI_NO_DEFAULT_VALUE_FLAG,4096
constant,MYSQLI_TYPE_DECIMAL,0
constant,MYSQLI_TYPE_TINY,1
constant,MYSQLI_TYPE_SHORT,2
constant,MYSQLI_TYPE_LONG,3
constant,MYSQLI_TYPE_FLOAT,4
constant,MYSQLI_TYPE_DOUBLE,5
constant,MYSQLI_TYPE_NULL,6
constant,MYSQLI_TYPE_TIMESTAMP,7
constant,MYSQLI_TYPE_LONGLONG,8
constant,MYSQLI_TYPE_INT24,9
constant,MYSQLI_TYPE_DATE,10
constant,MYSQLI_TYPE_TIME,11
constant,MYSQLI_TYPE_DATETIME,12
constant,MYSQLI_TYPE_YEAR,13
constant,MYSQLI_TYPE_NEWDATE,14
constant,MYSQLI_TYPE_ENUM,247
constant,MYSQLI_TYPE_SET,248
constant,MYSQLI_TYPE_TINY_BLOB,249
constant,MYSQLI_TYPE_MEDIUM_BLOB,250
constant,MYSQLI_TYPE_LONG_BLOB,251
constant,MYSQLI_TYPE_BLOB,252
constant,MYSQLI_TYPE_VAR_STRING,253
constant,MYSQLI_TYPE_STRING,254
constant,MYSQLI_TYPE_CHAR,1
constant,MYSQLI_TYPE_INTERVAL,247
constant,MYSQLI_TYPE_GEOMETRY,255
constant,MYSQLI_TYPE_NEWDECIMAL,246
constant,MYSQLI_TYPE_BIT,16
constant,MYSQLI_SET_CHARSET_NAME,7
constant,MYSQLI_SET_CHARSET_DIR,6
constant,MYSQLI_NO_DATA,100
constant,MYSQLI_DATA_TRUNCATED,101
constant,MYSQLI_REPORT_INDEX,4
constant,MYSQLI_REPORT_ERROR,1
constant,MYSQLI_REPORT_STRICT,2
constant,MYSQLI_REPORT_ALL,255
constant,MYSQLI_REPORT_OFF,0
constant,MYSQLI_DEBUG_TRACE_ENABLED,0
constant,MYSQLI_SERVER_QUERY_NO_GOOD_INDEX_USED,16
constant,MYSQLI_SERVER_QUERY_NO_INDEX_USED,32
constant,MYSQLI_SERVER_QUERY_WAS_SLOW,2048
constant,MYSQLI_SERVER_PS_OUT_PARAMS,4096
constant,MYSQLI_REFRESH_GRANT,1
constant,MYSQLI_REFRESH_LOG,2
constant,MYSQLI_REFRESH_TABLES,4
constant,MYSQLI_REFRESH_HOSTS,8
constant,MYSQLI_REFRESH_STATUS,16
constant,MYSQLI_REFRESH_THREADS,32
constant,MYSQLI_REFRESH_SLAVE,64
constant,MYSQLI_REFRESH_MASTER,128
constant,MYSQLI_TRANS_START_WITH_CONSISTENT_SNAPSHOT,1
constant,MYSQLI_TRANS_START_READ_WRITE,2
constant,MYSQLI_TRANS_START_READ_ONLY,4
constant,MYSQLI_TRANS_COR_AND_CHAIN,1
constant,MYSQLI_TRANS_COR_AND_NO_CHAIN,2
constant,MYSQLI_TRANS_COR_RELEASE,4
constant,MYSQLI_TRANS_COR_NO_RELEASE,8
constant,READLINE_LIB,libedit
constant,XDEBUG_TRACE_APPEND,1
constant,XDEBUG_TRACE_COMPUTERIZED,2
constant,XDEBUG_TRACE_HTML,4
constant,XDEBUG_CC_UNUSED,1
constant,XDEBUG_CC_DEAD_CODE,2
constant,STDIN,"Resource id #1"
constant,STDOUT,"Resource id #2"
constant,STDERR,"Resource id #3"
